X1,X2,X3,Time
0.9003795594199256,0.36274054746572443,-0.43393439206055306,0.0
0.9083254911635861,0.3980783322536928,-0.4168276722515791,0.01001001001001001
0.9141711215754003,0.41342360551586627,-0.4463118368911238,0.02002002002002002
0.9246122110103607,0.39936837104425127,-0.4218263738494928,0.03003003003003003
0.9279274709957791,0.41672194617981256,-0.4175414447152328,0.04004004004004004
0.928539477154834,0.4119127918393715,-0.40561982466949387,0.050050050050050046
0.9253894821746096,0.40125705294358976,-0.3954771457044354,0.06006006006006006
0.9233553564136174,0.4255317639149961,-0.3778190457335748,0.07007007007007007
0.9102940885348254,0.38791172276920727,-0.405634297139006,0.08008008008008008
0.9171057063093344,0.3743393732925508,-0.4024757161933573,0.09009009009009009
0.9196047651347847,0.3749782742794255,-0.4339203667430853,0.10010010010010009
0.9215405079920617,0.370008276477986,-0.4185450816643942,0.11011011011011011
0.9291959204137323,0.35335289846718915,-0.41907244740376454,0.12012012012012012
0.9435244280719265,0.3853222963166639,-0.4189843509297966,0.13013013013013014
0.9314132208076488,0.36217208511171944,-0.42287281472914856,0.14014014014014015
0.9215808416106637,0.35494654668430314,-0.42923719102193014,0.15015015015015015
0.9328432566355118,0.35897528537787615,-0.43829246488683393,0.16016016016016016
0.9429882916813829,0.33583892594719644,-0.43361646728789766,0.17017017017017017
0.9483827377424126,0.36010143288408325,-0.4380031990923915,0.18018018018018017
0.9440008472296656,0.37005574577747496,-0.4455831332368541,0.19019019019019018
0.9297698545585431,0.363699550472854,-0.4643413118628652,0.20020020020020018
0.931962415508801,0.36637196772354574,-0.44474594444638066,0.21021021021021022
0.93337514491467,0.382010302067332,-0.43648188703366375,0.22022022022022023
0.9235291830221042,0.3548673298937714,-0.4695692968350701,0.23023023023023023
0.897371497292147,0.32891007614529144,-0.50765729640167,0.24024024024024024
0.8948007759613114,0.34002701334504676,-0.5303313529337638,0.2502502502502503
0.9167938796736897,0.37226352361701354,-0.49409186555431694,0.2602602602602603
0.9248416102142244,0.3876069457633181,-0.4669868417544117,0.2702702702702703
0.9085977734597315,0.35049076035292154,-0.46765526841833305,0.2802802802802803
0.9107299037378439,0.343946006537235,-0.4555674551397278,0.2902902902902903
0.905157826440351,0.32313040333860227,-0.45489942340347644,0.3003003003003003
0.9043356482217286,0.330651612288458,-0.4608547598490442,0.3103103103103103
0.900468620493148,0.3200572638077964,-0.4734970150581757,0.3203203203203203
0.9084906499698027,0.361815401918737,-0.46304556747503023,0.3303303303303303
0.9118881671477274,0.3839766243852799,-0.45433828362179113,0.34034034034034033
0.9157769963801596,0.39971081012833803,-0.4677749086495254,0.35035035035035034
0.9053965480803052,0.3798484404967513,-0.4688446274037881,0.36036036036036034
0.9223912665879607,0.39487560430681024,-0.47078185997258054,0.37037037037037035
0.9288349697795254,0.40490316329986936,-0.4937436659253122,0.38038038038038036
0.9305919693020053,0.4011528852680656,-0.4971169258811754,0.39039039039039036
0.9355653514448118,0.4243936181215824,-0.47439118420821624,0.40040040040040037
0.9372342957138041,0.4417683632178566,-0.4594493828282173,0.41041041041041043
0.9568836803643007,0.47088059738441007,-0.46599213509111803,0.42042042042042044
0.9655037656714687,0.4933862175205209,-0.4752524274871004,0.43043043043043044
0.9442502872799245,0.4690226580974612,-0.5100782904759806,0.44044044044044045
0.9605195037918284,0.4599086450106178,-0.4928794381066892,0.45045045045045046
0.9704296899569423,0.4782908855882347,-0.46836280194909996,0.46046046046046046
0.9636313968370145,0.46393361384590226,-0.45646904350256967,0.47047047047047047
0.9655705398876735,0.4836138657536666,-0.4584103345225742,0.4804804804804805
0.9623768811777337,0.48334089031037375,-0.4626061188945084,0.4904904904904905
0.971856070398542,0.510040407366837,-0.44177367358239533,0.5005005005005005
0.9921182024263145,0.5296454170808849,-0.4181730418880815,0.5105105105105106
0.9757461971895971,0.5185225282737215,-0.40825512724513885,0.5205205205205206
0.9644088299160576,0.5158948988418788,-0.436220295183724,0.5305305305305306
0.959674197175212,0.5211532593799184,-0.45298079182460993,0.5405405405405406
0.9268388489380489,0.48272613671217846,-0.480443249949212,0.5505505505505506
0.9402626731097627,0.47103273032158516,-0.48412499516408153,0.5605605605605606
0.9355451653736938,0.4898068275774899,-0.49609209531649495,0.5705705705705706
0.9409269430001181,0.4768574107640627,-0.4785644969002185,0.5805805805805806
0.955944626987616,0.4917275220673514,-0.4692001616593573,0.5905905905905906
0.9440148733639859,0.4892561370228543,-0.4809002361288429,0.6006006006006006
0.9382024768109983,0.48002417619292426,-0.483920360549848,0.6106106106106106
0.9409595573509052,0.49333409034013853,-0.47257472352960633,0.6206206206206206
0.9361178480529042,0.4965213589304799,-0.4618291146068923,0.6306306306306306
0.9186697573875535,0.4732421452979862,-0.45746264377773954,0.6406406406406406
0.9298299916112676,0.47536882858761925,-0.46552762304347084,0.6506506506506506
0.9219860208001909,0.43062339016211115,-0.46466280019426515,0.6606606606606606
0.9287665373002243,0.4255499313208595,-0.46819933928869445,0.6706706706706707
0.9306389381789832,0.43668377765781297,-0.46827231843536593,0.6806806806806807
0.9117147220168474,0.4067964925745307,-0.47539151529636103,0.6906906906906907
0.9046138617277266,0.4072676427832143,-0.4689073758912402,0.7007007007007007
0.8981376244047284,0.4392893015724367,-0.4414663967241853,0.7107107107107107
0.8922526023652828,0.41702835123381804,-0.45427204297431806,0.7207207207207207
0.9012716032758518,0.40206985543831286,-0.4533238251890717,0.7307307307307307
0.9161754296442494,0.390775088002477,-0.46357891317171895,0.7407407407407407
0.919104727464419,0.43610915244635057,-0.4676716866676108,0.7507507507507507
0.9157077126740621,0.43989361925100473,-0.49635974012620826,0.7607607607607607
0.9187271716114218,0.43380035805999556,-0.4835214903078553,0.7707707707707707
0.9333262643124931,0.39728866900054083,-0.4797409895366786,0.7807807807807807
0.9330684980359377,0.4056593127113439,-0.48128311641618393,0.7907907907907907
0.9374603436866666,0.42580805416792084,-0.4802982060130123,0.8008008008008007
0.9401991245901398,0.41794537467555837,-0.49439459265380903,0.8108108108108109
0.9389368475505431,0.4036404190255741,-0.48300081956623464,0.8208208208208209
0.9146635967785928,0.3624782887195062,-0.49821955771143117,0.8308308308308309
0.9151321502754346,0.36153764577231895,-0.5022130002647736,0.8408408408408409
0.9355540496634379,0.3794888461268941,-0.48781520740707673,0.8508508508508509
0.9524826646627523,0.40558348142801787,-0.48105124366088825,0.8608608608608609
0.9622606968273022,0.4126197223158049,-0.4916336148474799,0.8708708708708709
0.9654118887270349,0.4136894923299255,-0.5024491296112069,0.8808808808808809
0.9450303123466386,0.37951154413262495,-0.5239901246769296,0.8908908908908909
0.9348914142169179,0.3593503121810014,-0.5634574428902028,0.9009009009009009
0.929388226560928,0.34575475125302435,-0.5609177245472307,0.9109109109109109
0.9326944175357441,0.35472902564396935,-0.5496685553820131,0.9209209209209209
0.9312725455465135,0.37965685584283604,-0.54313383318842,0.9309309309309309
0.9379818302023125,0.38722163709679286,-0.5371634141413711,0.9409409409409409
0.9329433377715745,0.3800872673093747,-0.5265916786340029,0.950950950950951
0.9359369043156752,0.39328777367219114,-0.5298576834852253,0.960960960960961
0.9541117680880618,0.3946244254710261,-0.5079210087604414,0.970970970970971
0.960418533612125,0.42525547713936673,-0.4864812595381123,0.980980980980981
0.9739733893985433,0.4361001561673618,-0.46028616601092287,0.990990990990991
0.9670359137104781,0.4428610489036873,-0.44819698543873465,1.001001001001001
0.9840103651172475,0.46204352754794853,-0.4426706283175494,1.011011011011011
0.9733074246870839,0.43735128824352365,-0.45683463497518906,1.021021021021021
0.9686367250577268,0.4391092969204169,-0.4570519509497699,1.031031031031031
0.9718285981911068,0.43345905780975935,-0.43117832097019043,1.0410410410410411
0.9654852929820489,0.4224823814734943,-0.436915933155101,1.0510510510510511
0.9733354555108972,0.4120961451099394,-0.44432087077021115,1.0610610610610611
0.974070089013179,0.4045405665106172,-0.42629978224039905,1.0710710710710711
0.9688307074220865,0.3940241074696161,-0.42037248400052446,1.0810810810810811
0.9671117268436866,0.3759672821556156,-0.4215769666418394,1.0910910910910911
0.9725115358350246,0.3632563206269011,-0.4108185396243763,1.1011011011011012
0.9903704480129257,0.38839777336820364,-0.39803940757892053,1.1111111111111112
0.9810695989917357,0.38936766807225076,-0.40707617158520704,1.1211211211211212
0.9923988452634201,0.3925480483704995,-0.36751369474771195,1.1311311311311312
0.9974133727346416,0.41953576216439137,-0.3778432836558618,1.1411411411411412
0.9887304962423525,0.40757658759529036,-0.3816464864961761,1.1511511511511512
0.9679636045491928,0.3640642508538479,-0.4120507702405806,1.1611611611611612
0.9595390438583324,0.33296289866633,-0.4234196403316927,1.1711711711711712
0.9573431886977374,0.3103546922384157,-0.420718385863459,1.1811811811811812
0.9690429542317165,0.31999844435811337,-0.41066161060828893,1.1911911911911912
0.9830309478524736,0.3666984331404021,-0.3875007763175089,1.2012012012012012
0.991958435468175,0.38561421127912465,-0.3904811914086272,1.2112112112112112
0.9839357636943998,0.399345969677232,-0.3927671617206848,1.2212212212212212
0.9905304588268795,0.42688805928641155,-0.3743861792706403,1.2312312312312312
1.012725760457185,0.46424338265246173,-0.35388678645680666,1.2412412412412412
1.0124309860902978,0.44046295964712406,-0.35376235666671185,1.2512512512512513
1.0076605328207877,0.43722510282531013,-0.3487315107673872,1.2612612612612613
0.9976062695279295,0.4224044424706844,-0.356262355164111,1.2712712712712713
0.9927152987349473,0.4229225191246558,-0.39609730520245234,1.2812812812812813
0.9800430234012993,0.42780564808054217,-0.41232826858675076,1.2912912912912913
0.9813360176693449,0.41961781006333393,-0.4182079400672839,1.3013013013013013
0.974216611988871,0.39526340803112325,-0.41549722647582193,1.3113113113113113
0.980763475487786,0.41665188615075144,-0.4213743619101806,1.3213213213213213
0.9699103796476368,0.41461575016261715,-0.44446404035112075,1.3313313313313313
0.9741809593642574,0.4377971190726494,-0.4277190836130958,1.3413413413413413
0.969887182812712,0.4337248595218827,-0.4475815806055351,1.3513513513513513
0.9602343203418524,0.43368407565952327,-0.4529889818341752,1.3613613613613613
0.9740341960065082,0.44905081574324784,-0.4489847008021991,1.3713713713713713
0.9761344200130949,0.4400796895880423,-0.4441617663718327,1.3813813813813813
0.9825310468213682,0.46181694641631055,-0.42786929143593216,1.3913913913913913
0.9654035506351473,0.4095525128885139,-0.42643489442214233,1.4014014014014013
0.9819133954601358,0.41208065622142703,-0.43292801205809955,1.4114114114114114
0.9827135679501371,0.42243323036287894,-0.41322332651574856,1.4214214214214214
0.9869976818664926,0.4626365921947767,-0.3851055360971203,1.4314314314314314
0.9851345711019848,0.46299213674194506,-0.39143151114354746,1.4414414414414414
0.9801986688152222,0.41583221582893237,-0.40401990044610353,1.4514514514514514
0.9797423481436027,0.4133982951872985,-0.4134045583706983,1.4614614614614614
0.9911531241046108,0.47612743301339744,-0.39901917485044985,1.4714714714714714
0.9885050373790565,0.476432125334307,-0.3770370804286959,1.4814814814814814
0.9961504576308022,0.4854651050594511,-0.37708008715060337,1.4914914914914914
1.0056585255233303,0.5025619137607913,-0.3861779923126203,1.5015015015015014
1.01492916974796,0.5157787993551357,-0.3965292325103835,1.5115115115115114
1.0143505108181836,0.5085971544750797,-0.40646324729334915,1.5215215215215214
1.0176341745304618,0.5215009726332529,-0.39417055659518846,1.5315315315315314
1.006996456913174,0.5140038037921603,-0.3760048363130869,1.5415415415415414
1.021311351040991,0.5277026493136231,-0.3809668463944845,1.5515515515515514
1.0193871835828578,0.4947984423396775,-0.3906029910118655,1.5615615615615615
1.009541572467248,0.5029525714553844,-0.36525035712783943,1.5715715715715715
1.0221135353264943,0.5143372619808225,-0.3305603104349576,1.5815815815815815
1.0331665567186288,0.515747854143531,-0.32793833931924504,1.5915915915915915
1.0342173700321227,0.5446012580055378,-0.32443839549760817,1.6016016016016015
1.032616038469839,0.5289420689928559,-0.3241387804183252,1.6116116116116117
1.0344957197806082,0.5370577454390618,-0.330127119398256,1.6216216216216217
1.044381886592276,0.5367718366302963,-0.3411156211895522,1.6316316316316317
1.0339712630241558,0.5388748660634322,-0.3497721539490294,1.6416416416416417
1.0581949825865595,0.5741167428524786,-0.3301660755803505,1.6516516516516517
1.061637726452756,0.5873844653203683,-0.3258565581149087,1.6616616616616617
1.0678793791750285,0.5960641574604676,-0.32580146507293467,1.6716716716716717
1.0562229131500531,0.5964071539121193,-0.34159300048940766,1.6816816816816818
1.0450904536917425,0.558843061960097,-0.3646288233518052,1.6916916916916918
1.0640934432399591,0.5807748856451844,-0.35844119798505913,1.7017017017017018
1.0776834929884869,0.6007691676394133,-0.34072208963832923,1.7117117117117118
1.0828928394770116,0.6130282927527096,-0.32607453005309317,1.7217217217217218
1.0754575717085808,0.5995192617087918,-0.32919491215008756,1.7317317317317318
1.0775796638586193,0.6035929476958739,-0.3202151370660821,1.7417417417417418
1.0775046531863632,0.6072668159006978,-0.3247717580500744,1.7517517517517518
1.0699828625774668,0.5880156773252334,-0.3359617397257074,1.7617617617617618
1.0616425709531054,0.5843651003317265,-0.3724304630506226,1.7717717717717718
1.0532008622383537,0.5683658287231378,-0.3729491540979154,1.7817817817817818
1.0474827636591153,0.585108442534223,-0.3688415619363158,1.7917917917917918
1.0596811791145717,0.5690142237278738,-0.34068687760884764,1.8018018018018018
1.0638337892595875,0.5732427131314922,-0.35305257478232444,1.8118118118118118
1.0599078850195507,0.5909069872963181,-0.35605420901130114,1.8218218218218218
1.062532315001926,0.5851154137585673,-0.3445821107974529,1.8318318318318318
1.073812117552727,0.5929604969932949,-0.3203829912717713,1.8418418418418419
1.057539577579278,0.5807355451156646,-0.3189055528826319,1.8518518518518519
1.0572477399484692,0.5707284960541242,-0.34300570334263,1.8618618618618619
1.0506067035186208,0.5489459917278445,-0.3586975743981617,1.8718718718718719
1.0508343327873675,0.5467496002951568,-0.3804720820830081,1.8818818818818819
1.0422931864965452,0.5562199250888139,-0.3813038475602853,1.8918918918918919
1.047404747876214,0.5562179968411863,-0.37727753006482456,1.901901901901902
1.0330889570629431,0.5382120808173706,-0.3883207859278561,1.911911911911912
1.042998015404054,0.5445122710724268,-0.38692709703303235,1.921921921921922
1.0401801863818652,0.522232111832543,-0.37352337712212763,1.931931931931932
1.046972657730979,0.5244796949289634,-0.3628266566664764,1.941941941941942
1.0524822696330507,0.5247251697066907,-0.3646105473000443,1.951951951951952
1.0533528946580724,0.524553344021926,-0.3787063091648036,1.961961961961962
1.0556488388412986,0.5243160967333343,-0.37051716900800175,1.971971971971972
1.0572694166162853,0.5090613220426493,-0.39465612801621847,1.981981981981982
1.0369761097952672,0.4782571120792203,-0.43205295674327565,1.991991991991992
1.0286683314648157,0.4574437366539734,-0.4272246110852825,2.002002002002002
1.0206194007706426,0.4255688963253182,-0.4160698685241513,2.012012012012012
1.017849249701288,0.43470303712781216,-0.4130876464711991,2.022022022022022
1.015459521598941,0.42268271893886283,-0.3827085743518529,2.032032032032032
1.026362551443204,0.4086074178420532,-0.39691503442919457,2.042042042042042
1.0392020663270152,0.4401898378304946,-0.37765224989848434,2.052052052052052
1.0465130522091042,0.44227766049842915,-0.3719562822454947,2.062062062062062
1.0671698376502339,0.465912199282514,-0.35495990586818765,2.0720720720720722
1.0572642704436859,0.45366578116319756,-0.34189593464698786,2.0820820820820822
1.066171552875685,0.4541746331177801,-0.357642430977157,2.0920920920920922
1.059312728206916,0.4629146172694132,-0.3654774196474219,2.1021021021021022
1.0513352957736997,0.4365183773780984,-0.3506169145742569,2.1121121121121122
1.0392869864304957,0.4328347725574465,-0.372709462410905,2.1221221221221223
1.026138492456218,0.41849256868712625,-0.3796001041926757,2.1321321321321323
1.0373524083368033,0.42583839430755793,-0.3795257966340295,2.1421421421421423
1.0107030365739367,0.4007760235377403,-0.41008011206516826,2.1521521521521523
1.0050351765892713,0.3922274462608156,-0.4316942926300604,2.1621621621621623
1.0032796659475773,0.38444323456033425,-0.43485285341026547,2.1721721721721723
1.0093341137011875,0.38790240910837903,-0.45157702357522833,2.1821821821821823
1.0069895817276957,0.39654372706167623,-0.4338536145317713,2.1921921921921923
0.9928169300547648,0.39323468611324947,-0.4388028711064164,2.2022022022022023
0.9910625967499485,0.38164378794116394,-0.4412153112126859,2.2122122122122123
0.9884702165004579,0.3780945196955442,-0.44022629110328676,2.2222222222222223
0.9859390099992877,0.3837900737660139,-0.4374843629615688,2.2322322322322323
0.9828574358823957,0.3704435185039631,-0.4232430964079378,2.2422422422422423
0.9793464931917787,0.3935477449456493,-0.4202911599712396,2.2522522522522523
0.9722116506879549,0.3718395131154551,-0.4197545990977649,2.2622622622622623
0.9684230608531889,0.3770034486681516,-0.4264716406032054,2.2722722722722724
0.9528461331006857,0.3575528578225425,-0.416531573406137,2.2822822822822824
0.9525047040342882,0.3713141755583865,-0.4014007117361964,2.2922922922922924
0.9657522290948298,0.34347244268344646,-0.3919330965153203,2.3023023023023024
0.9418027047621133,0.31991070847016967,-0.39011639127973,2.3123123123123124
0.9318729107796238,0.32144310285023353,-0.4138564773439361,2.3223223223223224
0.928839871612128,0.3186169400482502,-0.430152559490207,2.3323323323323324
0.9475841279083514,0.3257449188863754,-0.430445133390953,2.3423423423423424
0.9254813990970344,0.2808398011762187,-0.44653570175116575,2.3523523523523524
0.9154323640635057,0.2774521263813827,-0.4430272709886022,2.3623623623623624
0.922888995077477,0.2695893815089466,-0.41538096219128134,2.3723723723723724
0.9066285173338641,0.2406158299609212,-0.43724124446079465,2.3823823823823824
0.918837335908042,0.2624412142493468,-0.45570291257108564,2.3923923923923924
0.9257699074764741,0.24973134482596585,-0.434031122417521,2.4024024024024024
0.9412779278300993,0.2759349717382553,-0.44527748063415495,2.4124124124124124
0.9282913185916606,0.2710366916153662,-0.4521115848890717,2.4224224224224224
0.9402429560009736,0.2927815127079321,-0.45681178115606585,2.4324324324324325
0.95309399628133,0.3096771539118383,-0.4478006241705541,2.4424424424424425
0.9445693265075179,0.2869405388024441,-0.45562837222473046,2.4524524524524525
0.9408449080007406,0.29295617705789884,-0.47185689325108515,2.4624624624624625
0.9447144055834427,0.2755648743873632,-0.445945797188312,2.4724724724724725
0.9456721262195873,0.27544911122089255,-0.42567473601276223,2.4824824824824825
0.923630644104831,0.24034127244790635,-0.42941873275222,2.4924924924924925
0.8931793285745453,0.17790405980062043,-0.46113725771535924,2.5025025025025025
0.8837100878097922,0.15779883138207818,-0.46387422710014437,2.5125125125125125
0.9026900644115761,0.18213428424385858,-0.4478884317996403,2.5225225225225225
0.9089507224376708,0.20650147628054288,-0.44209972482937643,2.5325325325325325
0.904706079062214,0.19887986430207366,-0.46210312893607697,2.5425425425425425
0.9137912747071276,0.1856767701935519,-0.44997746405519234,2.5525525525525525
0.942721130649574,0.23088075726187984,-0.4371984394377916,2.5625625625625625
0.9510538238415587,0.26111397305825107,-0.43858339119125717,2.5725725725725725
0.9389594590528564,0.2700176328240233,-0.4569503004791761,2.5825825825825826
0.9340003506822819,0.28098485453335464,-0.4687450819339521,2.5925925925925926
0.9185119524327029,0.26584218374621615,-0.46217057498804276,2.6026026026026026
0.9303897240566568,0.2746002171431976,-0.4503301751249977,2.6126126126126126
0.9416871851276857,0.29006199222095275,-0.4536173493444989,2.6226226226226226
0.9280376188821577,0.2708885297847407,-0.45428760701553095,2.6326326326326326
0.9154471297364701,0.25333813968915697,-0.4609482684378529,2.6426426426426426
0.9097587186998902,0.2504747677432172,-0.476048760264252,2.6526526526526526
0.91632374854343,0.27178755032447477,-0.4690827431524055,2.6626626626626626
0.906047422942479,0.275328032105125,-0.48598251195957304,2.6726726726726726
0.9215081614749214,0.3003705149838322,-0.4737838596601721,2.6826826826826826
0.9207718030494091,0.3311461038054785,-0.4914349446552694,2.6926926926926926
0.9099521634839316,0.33402366698197294,-0.4781200052846621,2.7027027027027026
0.9160426158389549,0.3782938958500922,-0.45342336232341157,2.7127127127127126
0.9174966385108645,0.37854321643162153,-0.45797139704174933,2.7227227227227226
0.9112599338728176,0.3683298056851808,-0.45017752003269745,2.7327327327327327
0.899254219184458,0.35518357096711767,-0.45290210695021577,2.7427427427427427
0.9079577697586996,0.34440662175540626,-0.42867904573409255,2.7527527527527527
0.9162667705564371,0.36098283500863837,-0.4200229955546555,2.7627627627627627
0.929557733210515,0.4010521319612404,-0.4239183548241318,2.7727727727727727
0.9481627232818824,0.42509708208448593,-0.39948735914545647,2.7827827827827827
0.9420529157164337,0.3745557107565421,-0.4250791778276732,2.7927927927927927
0.948147450636147,0.39221519619010814,-0.39429175923115856,2.8028028028028027
0.9296957235141253,0.36709954184340576,-0.40808484984153703,2.8128128128128127
0.9307569094993623,0.3682056854839103,-0.41214040695290893,2.8228228228228227
0.9355078430189685,0.3622505181102477,-0.42332585535331374,2.8328328328328327
0.9465019544174766,0.3902768859672887,-0.4069559208144996,2.8428428428428427
0.9539548240300049,0.4018562827684296,-0.3977502762872215,2.8528528528528527
0.9512431121115795,0.40299528451330574,-0.3959486011411453,2.8628628628628627
0.9503353851978816,0.4140723995474675,-0.4054916286974596,2.8728728728728727
0.9479646272832455,0.44438045061955306,-0.41183533683125984,2.8828828828828827
0.9376334812862628,0.420798699493324,-0.42458925122529617,2.8928928928928928
0.9385329932785997,0.4042749069542607,-0.4262848655302835,2.9029029029029028
0.9316592334006514,0.3913870446583952,-0.43839253967055114,2.9129129129129128
0.9267497078109661,0.39386271413972135,-0.4343292583500562,2.9229229229229228
0.959601885703624,0.44753229786021703,-0.4227986811161835,2.932932932932933
0.9597012715488782,0.4579368977762487,-0.41332284527175633,2.942942942942943
0.9723789641779882,0.47364556415325043,-0.40714895578529275,2.952952952952953
0.9760393909399024,0.47443235263446043,-0.40222363411640416,2.962962962962963
0.9569581766490092,0.4628599527812928,-0.4280039756955274,2.972972972972973
0.9546808582111013,0.45109064655881104,-0.42437474307060374,2.982982982982983
0.9655794993651423,0.44461707239897685,-0.44042056897581777,2.992992992992993
0.9822734750881007,0.444929800919804,-0.44122767379491495,3.003003003003003
0.9782995110274134,0.4067575654703114,-0.44808726003261085,3.013013013013013
0.9646037659055068,0.4021436910021461,-0.4535600508001831,3.023023023023023
0.9537718657716614,0.3898102132661877,-0.44985450468874505,3.033033033033033
0.9433611592986445,0.36496732543933896,-0.4504151628838129,3.043043043043043
0.9471006263081001,0.3630206162349772,-0.45340906611501347,3.053053053053053
0.9611975648793333,0.3899149104609098,-0.4250745040566362,3.063063063063063
0.9664701301317072,0.40715036762029433,-0.42833364765272114,3.073073073073073
0.9642648913911307,0.38288685945947176,-0.4382707358767701,3.083083083083083
0.989072567936316,0.42962932756576044,-0.442923769197263,3.093093093093093
0.9968674962155437,0.44587752401830255,-0.4444549371641212,3.103103103103103
1.0090459015311848,0.4536629258697479,-0.43523228931452146,3.113113113113113
0.9974194424177086,0.4463142858569637,-0.4434319303853036,3.123123123123123
0.989068367797871,0.40181110326042935,-0.4810011902216682,3.133133133133133
0.9817374692674635,0.38038044365962637,-0.4945027870166669,3.143143143143143
0.9826453551648405,0.3471062292233933,-0.5078026654692435,3.153153153153153
0.9857743269000336,0.3602887112582183,-0.4978229253167172,3.163163163163163
0.9978834343899756,0.3818805699003887,-0.49153707268097535,3.173173173173173
0.989744313367258,0.4007805000172856,-0.5072414649199628,3.183183183183183
0.9925995259775986,0.4080979346248723,-0.5171739426629111,3.193193193193193
0.989654970510095,0.3950390573555642,-0.5172728356258259,3.203203203203203
0.9910655354054712,0.3949750474677369,-0.5041202998326995,3.2132132132132134
1.0105491688061403,0.44402296548907955,-0.4887907839820612,3.2232232232232234
1.0053029500819604,0.44376125414882156,-0.4624930020405195,3.2332332332332334
1.0086095027430295,0.44900391660938116,-0.4760457965079951,3.2432432432432434
1.0001420190684593,0.4256486979365146,-0.47919245579542574,3.2532532532532534
1.0116243328444137,0.41992845352340796,-0.48046065101568786,3.2632632632632634
0.9998693636642947,0.390524750879749,-0.5019116112209323,3.2732732732732734
1.0182522465663142,0.4180764299294269,-0.46742399467038903,3.2832832832832834
1.0115835522707415,0.4243620525369836,-0.47532460100857493,3.2932932932932935
0.9941911141024432,0.3911797935517191,-0.48108617212896504,3.3033033033033035
0.9941901153794324,0.3683551195939343,-0.4784796505515211,3.3133133133133135
0.9802071352369618,0.3342909079206068,-0.48887369638124073,3.3233233233233235
0.9807397896011202,0.3603084139243009,-0.4704578736085648,3.3333333333333335
0.958094947484967,0.3189007797425023,-0.4811908978424038,3.3433433433433435
0.9300760463213149,0.24690570800658174,-0.5210420972307923,3.3533533533533535
0.9377031835509886,0.2747954073149431,-0.5121371252108173,3.3633633633633635
0.9336659111314997,0.29621732858395483,-0.5248958012963468,3.3733733733733735
0.9163351240434895,0.2910538481217557,-0.5436670266560181,3.3833833833833835
0.9014619574504845,0.2834888223988377,-0.5665015215904787,3.3933933933933935
0.9077906132248283,0.2844899472167296,-0.5809366197550793,3.4034034034034035
0.9131357403272449,0.3036144879756362,-0.5854572680589931,3.4134134134134135
0.9215580342658406,0.3202274276928666,-0.5697784684807438,3.4234234234234235
0.9139654985014798,0.29845563725802554,-0.5643692482554634,3.4334334334334335
0.9074549063990164,0.25985001656290263,-0.5806378740130543,3.4434434434434436
0.908232120062233,0.2817433556591104,-0.5647712662975906,3.4534534534534536
0.9217209207607969,0.319389503850245,-0.5415348369024311,3.4634634634634636
0.9147206202518194,0.3227522946067476,-0.54382634970682,3.4734734734734736
0.9097976668551739,0.3054933214381862,-0.5477877662348427,3.4834834834834836
0.8909629763696125,0.26401023873386775,-0.5553278069614555,3.4934934934934936
0.899884206440936,0.2591574109863743,-0.5565615081678732,3.5035035035035036
0.9160788489849556,0.27742564103382145,-0.564014957553362,3.5135135135135136
0.9094560472897545,0.26488284737489654,-0.5591985924307084,3.5235235235235236
0.911857793007481,0.26502432804619136,-0.5663882433568708,3.5335335335335336
0.9181012097112281,0.28165990983171363,-0.558292313644944,3.5435435435435436
0.9217861039871634,0.2865062744195794,-0.5618885914080427,3.5535535535535536
0.9121173189016385,0.26463820623663104,-0.571983953294814,3.5635635635635636
0.9096004553383161,0.2677605275271235,-0.560154146459687,3.5735735735735736
0.9356318312181605,0.2931878186814477,-0.5320066879295623,3.5835835835835836
0.9162858721970307,0.2675566048166647,-0.5298697223302461,3.5935935935935936
0.9207438599722784,0.2643635569904485,-0.5128158047483671,3.6036036036036037
0.9162344141483256,0.24293300015049668,-0.5464295286541617,3.6136136136136137
0.9116992099070107,0.22975795049987285,-0.5643730340101449,3.6236236236236237
0.9045981067054425,0.23679190898538324,-0.5737805243829728,3.6336336336336337
0.8976418782207237,0.23236811283986686,-0.5839904609572574,3.6436436436436437
0.8915795428403573,0.22926811079719414,-0.5918507572653363,3.6536536536536537
0.8913943084407444,0.22469173927151975,-0.5740018144124615,3.6636636636636637
0.8912024753332053,0.23082663874645312,-0.5677155227202205,3.6736736736736737
0.8878858448169337,0.24389867785512523,-0.5536066336150471,3.6836836836836837
0.8914765284471003,0.24149778845082528,-0.5574635888414848,3.6936936936936937
0.8773321795352924,0.2339697808489685,-0.5704214507641723,3.7037037037037037
0.8938114851252064,0.25139866389041005,-0.6000468681992412,3.7137137137137137
0.868474239345185,0.21706131298814135,-0.6155529719103382,3.7237237237237237
0.8817747494240535,0.21683785747977974,-0.6084266196736581,3.7337337337337337
0.8682296223770404,0.1981870012554824,-0.6082292936272209,3.7437437437437437
0.8699696881051427,0.18993578381235213,-0.6143832548799658,3.7537537537537538
0.8647162211625257,0.1970477091237368,-0.5960256678152427,3.7637637637637638
0.8652976137414933,0.18875522527982,-0.5894633967334926,3.7737737737737738
0.8686446393634663,0.1881891817311483,-0.6074882647918728,3.7837837837837838
0.8844781007045497,0.2058151723494699,-0.6107519475228188,3.793793793793794
0.8862025446278786,0.2219426323674829,-0.5836152610677708,3.803803803803804
0.9115613044252564,0.23973302404907412,-0.5517432943189903,3.813813813813814
0.9327441639159998,0.2412973405160236,-0.5540308293049019,3.823823823823824
0.9179698575159754,0.2265301257689747,-0.5443101439444301,3.833833833833834
0.934625769943539,0.26577248808681697,-0.5224606184540351,3.843843843843844
0.9586055794466949,0.3215340678436686,-0.49277751315406576,3.853853853853854
0.9612990724421876,0.35462541075413845,-0.49255461109999865,3.863863863863864
0.9696657911164404,0.36934736683472086,-0.4890897562172755,3.873873873873874
0.993243481353176,0.39883150733030537,-0.46164784064217734,3.883883883883884
0.9732985108090403,0.3736216345567787,-0.452574142730374,3.893893893893894
0.9677720907366232,0.3445393827814558,-0.45216318232465647,3.903903903903904
0.969839183614298,0.3433685088770034,-0.4805416013995486,3.913913913913914
0.9694952012839182,0.32983498821249596,-0.47598980595318213,3.923923923923924
0.9805056703272793,0.3607087243474817,-0.4537224519445672,3.933933933933934
0.987462232849783,0.3751943370861779,-0.44392771569855555,3.943943943943944
0.9805759349417146,0.4037649976803646,-0.4327328771831228,3.953953953953954
0.9913302397934468,0.41276703413889027,-0.4509727811102167,3.963963963963964
0.9653502594806554,0.39664222254216125,-0.4924204290467292,3.973973973973974
0.9768938447101244,0.3887649247125721,-0.49698943646325616,3.983983983983984
0.9697349921782529,0.34043987257220254,-0.5299928326849913,3.993993993993994
0.9805180686744209,0.34713343731106483,-0.5214834361006125,4.004004004004004
0.9886817077911478,0.3553284685195498,-0.525267710116717,4.014014014014014
0.985613192584604,0.3294561265193694,-0.5441375459754989,4.024024024024024
0.981335412788569,0.3154814005043393,-0.5250338352748515,4.034034034034034
0.9794633013705206,0.3048617901003413,-0.5279650761840048,4.044044044044044
0.9826933382056211,0.2815226765884734,-0.5298575653223924,4.054054054054054
1.00092310130104,0.3015366881413025,-0.5061953579037416,4.064064064064064
0.9982223547503538,0.27297638160227833,-0.5085860341362569,4.074074074074074
0.992979672687301,0.2805560348162538,-0.519665883295604,4.084084084084084
0.9984850020626235,0.2871987329355314,-0.5306306362278511,4.094094094094094
1.0025117536601922,0.3059875416306966,-0.5338966131532141,4.104104104104104
0.9917464248387675,0.2871616081829391,-0.5612099711447438,4.114114114114114
0.9842223850664868,0.24522373423163193,-0.5617534347148019,4.124124124124124
0.9973088258999832,0.2565588296293988,-0.5650551293474801,4.134134134134134
1.0107733389666411,0.25266867639545976,-0.5610297259992294,4.1441441441441444
1.009734721477028,0.2472882885019458,-0.5468795919198949,4.1541541541541545
1.028049819087133,0.2685201409266995,-0.5307298110361895,4.1641641641641645
1.0359040970871736,0.2641433409306068,-0.5195591871166044,4.1741741741741745
1.0376398611906115,0.27198160153658324,-0.5056965022165458,4.1841841841841845
1.0248697486525855,0.2776467484712457,-0.52467864649929,4.1941941941941945
1.0354991014958435,0.28996427583947115,-0.5127774509092661,4.2042042042042045
1.0180336522132576,0.27622322952226697,-0.5132483630606972,4.2142142142142145
1.0164688726699909,0.32046921964468944,-0.4999252262465425,4.2242242242242245
0.9970584158918191,0.28384239690533225,-0.5079897640764519,4.2342342342342345
0.9773123133545545,0.25160303382239496,-0.5484580202891344,4.2442442442442445
0.9693142099710212,0.2583813392928744,-0.5461109348171815,4.2542542542542545
0.9812903331284635,0.27046864880154653,-0.5576159975395887,4.2642642642642645
0.9800078975481229,0.26569773614446013,-0.5776563232247941,4.2742742742742745
0.9730815532220718,0.25869468487292785,-0.5619284350540344,4.2842842842842845
0.9831976172892913,0.28012590424681505,-0.5665549352344001,4.2942942942942945
0.9810578558236182,0.27064974213574866,-0.5742294395049625,4.3043043043043046
0.9830740126814865,0.2544604607111017,-0.5572663207242601,4.314314314314315
0.9924483350219747,0.2677298473017168,-0.5509266661211036,4.324324324324325
0.9741884435747712,0.23025235727878862,-0.5492411631153398,4.334334334334335
0.977276092771425,0.22854278386239135,-0.5525095759422134,4.344344344344345
0.981921649852949,0.22727832851791901,-0.5633689673824974,4.354354354354355
0.9886852918623247,0.2226659165221092,-0.5365099832173902,4.364364364364365
1.0117970904205233,0.2385097381048275,-0.5277516108602828,4.374374374374375
1.0292264579831092,0.24909468373867202,-0.5247596834823227,4.384384384384385
1.03795060525388,0.280720526959489,-0.513926353359544,4.394394394394395
1.037393689137529,0.29535701293931194,-0.49360652659531845,4.404404404404405
1.0460018389860666,0.31528092285942494,-0.49513200619194164,4.414414414414415
1.0372995079057277,0.2865776799972226,-0.501601299276221,4.424424424424425
1.0274432702260012,0.2843280765752755,-0.49432128332416664,4.434434434434435
1.032049435750422,0.26849502192180086,-0.5028593102669789,4.444444444444445
1.0236840032874326,0.29549330923611944,-0.4903319007418313,4.454454454454455
1.0304379030540904,0.32517934079161626,-0.5034387271985822,4.464464464464465
1.0258012124055425,0.34522792416955556,-0.5074596891729739,4.474474474474475
1.0294060892596046,0.33422621865405183,-0.49517743557522814,4.484484484484485
1.021077978601091,0.3358376710925007,-0.5214735054145334,4.494494494494495
1.0334224010723179,0.3740559719764642,-0.5157588999059619,4.504504504504505
1.0123625461197785,0.35913345573648664,-0.5357136596985377,4.514514514514515
1.0047987398218423,0.39927553651769443,-0.5521642867148691,4.524524524524525
1.02098022510403,0.44160686724524045,-0.571173014510377,4.534534534534535
1.0316871255904891,0.45898908346699624,-0.5632103115160706,4.544544544544545
1.0392468712339975,0.45155168320243194,-0.5664770502046097,4.554554554554555
1.031952753101631,0.4468322759590669,-0.5864422304485261,4.564564564564565
1.0156209262574696,0.4421786814042974,-0.5910755878328515,4.574574574574575
1.014924756633371,0.4313681816080437,-0.5821893267449497,4.584584584584585
1.0193140238088845,0.435934249256283,-0.5813913746563933,4.594594594594595
1.0243111512430785,0.4196574088684249,-0.5826769157802312,4.604604604604605
1.0258821153372324,0.4132009985846557,-0.6025359212269343,4.614614614614615
1.0222971696215208,0.3808722146449682,-0.6195829013358314,4.624624624624625
1.0242847237944035,0.3604855657396677,-0.6570053484693672,4.634634634634635
1.0135009545001863,0.3583245560710864,-0.6708290666013781,4.644644644644645
1.0244095735904086,0.3798205081758633,-0.6628529661059767,4.654654654654655
1.0233631589934495,0.3941524623806451,-0.6597874368306906,4.664664664664665
1.0279932643056935,0.37370583033838556,-0.6562861625708115,4.674674674674675
1.018920266595081,0.3555386064026884,-0.6708620499634723,4.684684684684685
1.0175162818362866,0.33074591093159994,-0.6597248955833324,4.694694694694695
1.0262255999910659,0.345993614256543,-0.6501173877721291,4.704704704704705
1.0193077122115475,0.3364018111552807,-0.6545850341573266,4.714714714714715
1.028894110405388,0.3799387892997045,-0.6486906944752172,4.724724724724725
1.0454817444716271,0.4097457769623557,-0.612894018583529,4.734734734734735
1.0374620281012676,0.4314608652410473,-0.635459094067209,4.744744744744745
1.0421124438412455,0.4271966485139931,-0.6232295261817284,4.754754754754755
1.060524452853182,0.44696307942806396,-0.6233186288482555,4.764764764764765
1.072177833941508,0.47016689330046224,-0.6264293879762277,4.774774774774775
1.0773135784669368,0.4737305128698457,-0.6331756978559594,4.784784784784785
1.082851007926775,0.49202722772806545,-0.6334081660689279,4.794794794794795
1.082728761395388,0.5037714211068351,-0.641439238424177,4.804804804804805
1.0771056953967035,0.4987135314883071,-0.6306759536145573,4.814814814814815
1.067416859995944,0.48753088691074276,-0.6050935262975018,4.824824824824825
1.0541874651589125,0.4788722949584972,-0.5968200653721278,4.834834834834835
1.0472100845889005,0.4895405457634086,-0.6137274952312587,4.844844844844845
1.06041746747863,0.5308110772396655,-0.6170470146742775,4.854854854854855
1.0620711273697945,0.5407382053106581,-0.6312037828954841,4.864864864864865
1.0430325187573983,0.5241682560945239,-0.6271600862937152,4.874874874874875
1.0356910656690168,0.521702066358977,-0.6442768233147325,4.884884884884885
1.0626752927368535,0.5255296225090995,-0.6177916953774416,4.894894894894895
1.051143695832995,0.5028942127484559,-0.6174677517505388,4.904904904904905
1.0447372959998293,0.500516168712787,-0.6153231975435499,4.914914914914915
1.028102259428265,0.47132254751269403,-0.6343984779633256,4.924924924924925
1.0571888219721872,0.4725554838720369,-0.63958777361998,4.934934934934935
1.049804597270776,0.4758493028598937,-0.6302458766590469,4.944944944944945
1.0439078989188566,0.47369059914341344,-0.6367862614847324,4.954954954954955
1.0300249016689755,0.4490991407260183,-0.6730907700862896,4.964964964964965
1.0021907386137208,0.3970132777500108,-0.6847199032952859,4.974974974974975
1.0095637955666414,0.41169153014654314,-0.6648446255793327,4.984984984984985
0.9976567633107083,0.3939701557628606,-0.6546632365211899,4.994994994994995
0.9923692281958086,0.3934382746705493,-0.6769641235548762,5.005005005005005
0.993838223915321,0.3939210785122551,-0.7028919141643062,5.015015015015015
1.008140835237132,0.4092080941575013,-0.6918867992093968,5.025025025025025
1.0213770279618188,0.44115058018310116,-0.6761860894163845,5.035035035035035
1.0109744600948534,0.4269972333116845,-0.6630227607976733,5.045045045045045
1.0394948177474042,0.4595743594439746,-0.6587409446115502,5.055055055055055
1.0469825926852259,0.42335605233672097,-0.6601483458846169,5.065065065065065
1.051408348924681,0.430586177589715,-0.626199252535525,5.075075075075075
1.0652457636794546,0.45730046286656945,-0.6137252197660747,5.085085085085085
1.0579806447740623,0.4762310983868805,-0.6072473990538104,5.095095095095095
1.050143771650297,0.487300624837209,-0.6173000671273109,5.105105105105105
1.0509548312852341,0.5123745454302434,-0.6032325219144139,5.115115115115115
1.0515477447279626,0.5218917736004804,-0.5968182425656272,5.125125125125125
1.042227248044616,0.4894391407756285,-0.600308364197914,5.135135135135135
1.0299353705354741,0.4845631318334085,-0.6005560308549459,5.145145145145145
1.0371977038084168,0.4862507188034071,-0.6056179313117097,5.155155155155155
1.0395999775273266,0.5006177734257196,-0.6084847823468262,5.165165165165165
1.0247151884821384,0.49497241924445756,-0.6182666323225647,5.175175175175175
1.02318918982688,0.5094416597379752,-0.6360807501561049,5.185185185185185
1.0250598769598591,0.5184762352759367,-0.6268049853684212,5.195195195195195
1.0109089575391634,0.5003682055210792,-0.6407487513753111,5.205205205205205
0.9858648680936366,0.5105023119279559,-0.6726238178969774,5.215215215215215
0.995321002995015,0.5440099794033274,-0.6456196232088183,5.225225225225225
0.9900320592333461,0.5484064012265384,-0.65554809914489,5.235235235235235
1.0035372559654312,0.5616966233793279,-0.6492465922040388,5.245245245245245
1.008288477728763,0.5885450698217056,-0.6375263927581214,5.255255255255255
1.0058620120080453,0.6123305946602211,-0.6484379295170413,5.265265265265265
1.0055976443397896,0.5970617321237702,-0.6624325353886651,5.275275275275275
1.0239010952073426,0.6357987051333172,-0.6438139277564867,5.285285285285285
1.006740721769077,0.6269954157943934,-0.6430842677634884,5.295295295295295
1.0162410647755442,0.641445986852274,-0.6146813778424681,5.305305305305305
1.0105352821546345,0.6104678028700442,-0.6327446928528623,5.315315315315315
1.0186645874505373,0.6197591931494795,-0.6253507846847001,5.325325325325325
1.0175166898680104,0.6017104048199499,-0.6373152438207474,5.335335335335335
1.030564995630031,0.6196240608248004,-0.6398720212084522,5.345345345345345
1.0213723271131498,0.6279287712463212,-0.6453486683906833,5.355355355355355
1.030511873146972,0.6315485125256808,-0.6428300696869238,5.365365365365365
1.0363780015314723,0.6385805077039859,-0.6254273591528215,5.375375375375375
1.05027139475645,0.6506435521626266,-0.6126922254122559,5.385385385385385
1.0590232657068475,0.6685875551664712,-0.59199325235801,5.395395395395395
1.0313680746567877,0.6571125018103232,-0.6008291305067472,5.405405405405405
1.032861095665153,0.6480163172177249,-0.5900761630941482,5.415415415415415
1.0233709749805513,0.6602227363541883,-0.6147895999928058,5.425425425425425
1.0161336651255686,0.6564812523056971,-0.609334702012964,5.435435435435435
1.017560378108452,0.6679600742270306,-0.5850538579852487,5.445445445445445
1.0152979101170576,0.6430559020725772,-0.5889916844973556,5.455455455455455
1.0167883341826986,0.6363088550329291,-0.582166704042638,5.465465465465465
1.0080940783556176,0.6210469912830856,-0.6071560500067518,5.475475475475475
1.0081850914258272,0.6327095687665574,-0.6056830744670207,5.485485485485485
1.0109273530574,0.6395861389798196,-0.6022592451050086,5.495495495495495
1.0074547403102003,0.6391507005605359,-0.5903762721433237,5.505505505505505
1.013121902155628,0.6283417354953659,-0.5782479134468835,5.515515515515515
1.019304880461648,0.6211003133733161,-0.5730132332594795,5.525525525525525
1.0103479015854198,0.6007925232252769,-0.5699976782432329,5.535535535535535
0.9997532149908337,0.6100540744996832,-0.5796045784788216,5.545545545545545
1.002571672275462,0.6031834908366205,-0.5864204657391774,5.555555555555555
1.0127046104733082,0.6421286925637498,-0.592940877152289,5.565565565565565
1.0036645575777514,0.5917182793396519,-0.5989326902631685,5.575575575575575
1.0113255112919843,0.6036598642795308,-0.5703579936879591,5.585585585585585
1.0251176317267563,0.634935490346588,-0.5688271227147877,5.595595595595595
1.0162711749092088,0.6137024355413081,-0.5948897434935135,5.605605605605605
1.0252940257872358,0.5970147897126877,-0.5908904975654838,5.615615615615615
1.0311822207193533,0.5930511761459356,-0.5888092333833657,5.625625625625625
1.0449153067460806,0.6262899468524775,-0.5776362945345707,5.635635635635635
1.0367788102196722,0.6198334266944892,-0.5833855177718298,5.645645645645645
1.0279041474022608,0.5912345312352354,-0.5800131450599754,5.655655655655655
1.0483095210958102,0.6100481642882443,-0.5782882761563698,5.665665665665665
1.0529489199672273,0.630534628342492,-0.5744629953507517,5.675675675675675
1.0660785107434294,0.6375337534026505,-0.5781124630279714,5.685685685685685
1.064116438220748,0.652896494531419,-0.5854011280738556,5.6956956956956954
1.065457064777384,0.6592817477318735,-0.565878969787793,5.7057057057057055
1.073757860203028,0.6687131265438886,-0.5403474268803573,5.7157157157157155
1.0933035484532199,0.6935854582053339,-0.5211216958271565,5.7257257257257255
1.0745253337315464,0.6566359812445931,-0.5120793375178968,5.7357357357357355
1.0848913727776321,0.6517834296670859,-0.5000480097955398,5.7457457457457455
1.0788282780904104,0.6518684252940433,-0.4946708238992879,5.7557557557557555
1.070155054473785,0.6685271041593299,-0.48946572717708764,5.7657657657657655
1.081752025709649,0.6763539799555046,-0.4758670607889183,5.7757757757757755
1.0932189861597754,0.6898435771235469,-0.4668563492939389,5.7857857857857855
1.0997705814391598,0.7133467179236745,-0.452870641585454,5.7957957957957955
1.0844166486740496,0.711462998547085,-0.47820252372593347,5.8058058058058055
1.0937647710928,0.7337873875062807,-0.4761774226282913,5.8158158158158155
1.0961903513871474,0.7759651726899742,-0.4889271559024787,5.8258258258258255
1.0786007320077093,0.7810422056210818,-0.48113388218692815,5.8358358358358355
1.0577038111248094,0.7210319647800009,-0.4790265607626269,5.8458458458458455
1.0725881626939682,0.7382838143622316,-0.47416098152363195,5.8558558558558556
1.0777828560526057,0.7675932910014535,-0.5056096955760647,5.865865865865866
1.0757811853499122,0.7682735667676494,-0.5152788612473063,5.875875875875876
1.0712520768842133,0.7487811737293254,-0.5134073370243996,5.885885885885886
1.0677592194374075,0.7650712099435302,-0.5201412411266911,5.895895895895896
1.071880139874149,0.7587644583238067,-0.5120228322273915,5.905905905905906
1.0749698327580948,0.7702932825901637,-0.49871040327340027,5.915915915915916
1.0628961093465805,0.7501602381126508,-0.4980096285214212,5.925925925925926
1.0657315358813353,0.7528062518567749,-0.48776634910325356,5.935935935935936
1.0816867134278547,0.7530386879609456,-0.4628811013344492,5.945945945945946
1.0953539804581087,0.7719151134258317,-0.4433228557009146,5.955955955955956
1.1098671906599356,0.7962076597512492,-0.4035865065709508,5.965965965965966
1.1275379823390848,0.8169040645385749,-0.40559556716533984,5.975975975975976
1.1448048517081304,0.8402971790015866,-0.4002515402332288,5.985985985985986
1.1568647839169255,0.830375033550925,-0.40384461761329576,5.995995995995996
1.1435734515896983,0.8331307741530468,-0.4168859252595355,6.006006006006006
1.143705726761432,0.835032447350199,-0.4045578693011479,6.016016016016016
1.1268415241941336,0.8258784538394048,-0.41142024005598565,6.026026026026026
1.1244212404592815,0.8431293268303405,-0.4124800098799113,6.036036036036036
1.1143251536205347,0.8239107764084938,-0.41217830093908636,6.046046046046046
1.1187885408482408,0.8238548967875776,-0.40600171000214297,6.056056056056056
1.115020264564611,0.8052105540428688,-0.43419887364768056,6.066066066066066
1.1062089766177365,0.8061323734976142,-0.4369445954495678,6.076076076076076
1.0936465606446273,0.802811444276426,-0.4657696409851538,6.086086086086086
1.0837173317563749,0.775055985241297,-0.46943493167735684,6.096096096096096
1.0827509032592804,0.7789857121170667,-0.4648472946840174,6.106106106106106
1.0834205826842678,0.7694304722028817,-0.46672555274648764,6.116116116116116
1.0777954951525657,0.7905526458445563,-0.47119101554942927,6.126126126126126
1.0725471939676021,0.7907524219848281,-0.44157898332230144,6.136136136136136
1.0710819723721592,0.8144789122896483,-0.4443171549833858,6.146146146146146
1.0745111208760747,0.8168541909283528,-0.43704502050241417,6.156156156156156
1.062724453520116,0.7870530841472508,-0.4635936401868516,6.166166166166166
1.0501982639004013,0.7645615261567432,-0.5015751585852001,6.176176176176176
1.052789214879032,0.7700709192421452,-0.49930928215745546,6.186186186186186
1.0619035005614075,0.7781401057724353,-0.4912767422343293,6.196196196196196
1.0677418782088761,0.8084067060977534,-0.4892301397328439,6.206206206206206
1.0725332123947773,0.7978629900714287,-0.5216670409642594,6.216216216216216
1.103253522526042,0.8234963713811865,-0.529515641085602,6.226226226226226
1.0980343477875627,0.8182601256452627,-0.542223760229658,6.236236236236236
1.1185565471376224,0.8251548947619259,-0.5512205986349576,6.246246246246246
1.1224862799250082,0.8292252031601803,-0.5530287178255673,6.256256256256256
1.1095520645193935,0.8300211108011276,-0.5618378645749444,6.266266266266266
1.1189622487317366,0.829779090681505,-0.5521485564667099,6.276276276276276
1.1192594156295839,0.8341181293731844,-0.5508476932794156,6.286286286286286
1.1366316388624051,0.8838154405106838,-0.5471993237350109,6.296296296296296
1.1398496258043316,0.903630730946702,-0.5316792060854058,6.306306306306306
1.136259899191523,0.8946424565047479,-0.5381332523572794,6.316316316316316
1.1157916256790896,0.8942093711166244,-0.5237333651198667,6.326326326326326
1.1138705719653925,0.8918856745914463,-0.5113734990047337,6.336336336336336
1.1071814289038238,0.8555888973187687,-0.5217540101861953,6.346346346346346
1.0878311820861142,0.8302479921535053,-0.5236791821914427,6.356356356356356
1.1011611068689877,0.8615507049070832,-0.5252816032576574,6.366366366366366
1.1045085620407307,0.8337120880439806,-0.522424887501053,6.376376376376376
1.0906602392817477,0.8145131910931279,-0.5391193658121467,6.386386386386386
1.1097673098226106,0.8299082606587291,-0.5470125099261327,6.396396396396396
1.0940516335403416,0.8210989466850411,-0.5465681681524682,6.406406406406406
1.1094119464584662,0.8294250326052673,-0.5258354213005753,6.416416416416417
1.1034006702085435,0.8267216918831646,-0.5386019590783904,6.426426426426427
1.110542085893317,0.8203605270829638,-0.5423811431534752,6.436436436436437
1.1348926753391475,0.853668533128473,-0.5371749562804806,6.446446446446447
1.1473355841685366,0.8515363821718455,-0.5069726791695709,6.456456456456457
1.1616678379960323,0.8983514015988157,-0.5287361784507502,6.466466466466467
1.1645780226017373,0.9058458612684324,-0.5493172670738968,6.476476476476477
1.1739859113988622,0.9220237913178346,-0.5362954043886389,6.486486486486487
1.1581051516703147,0.9067263190018322,-0.5226939062083921,6.496496496496497
1.1412183600826653,0.9002927553826973,-0.5352385509745146,6.506506506506507
1.142050990335323,0.9074032312903063,-0.5355018573937984,6.516516516516517
1.1431347363970512,0.9216988373745197,-0.5143284847561578,6.526526526526527
1.1595543221732882,0.9424989571148531,-0.5218917831864391,6.536536536536537
1.1525687717231075,0.9392738522627885,-0.518029536448623,6.546546546546547
1.160552188042398,0.9484501452994359,-0.48560298676912944,6.556556556556557
1.1946810535707872,0.9868429358512437,-0.4640583691575204,6.566566566566567
1.2071629871984124,0.9838476280864196,-0.4508357517153798,6.576576576576577
1.2088891751400817,0.970265609525481,-0.44764221980462665,6.586586586586587
1.2008217533231198,0.9625954495989786,-0.4300713421412216,6.596596596596597
1.1874594928787627,0.9519028514750884,-0.41949789249737013,6.606606606606607
1.2099571602815775,0.9826313621713243,-0.4031180072787465,6.616616616616617
1.2061540595602283,0.956351923933733,-0.3978096325044295,6.626626626626627
1.214539468159536,0.9669015579052165,-0.4010911178157112,6.636636636636637
1.236449963101004,0.9826966438782672,-0.39489362811438067,6.646646646646647
1.2417071164648275,1.0085229951143078,-0.40664801588115435,6.656656656656657
1.2369102653635715,1.0060996063928171,-0.39711029988307245,6.666666666666667
1.2452119396618593,1.0216382632189034,-0.3860397484381612,6.676676676676677
1.2451119676088689,1.027591040096413,-0.3876863160230649,6.686686686686687
1.2704862406545796,1.0551558554792002,-0.40097926217041424,6.696696696696697
1.2680183159190954,1.0713927922451998,-0.3789205348880621,6.706706706706707
1.2780824880736308,1.0725010909481334,-0.3862394076953809,6.716716716716717
1.2618411293246412,1.0397184473688603,-0.3779655674044372,6.726726726726727
1.2500031128248772,1.0114339130386847,-0.3883299608217476,6.736736736736737
1.2513477414981755,1.0123074378195815,-0.37562112599875824,6.746746746746747
1.2490376176428977,1.0252412754494737,-0.3594393245537516,6.756756756756757
1.2527322724294756,1.0269187339502137,-0.3626233962489926,6.766766766766767
1.2503463898694391,1.0465504318265493,-0.3805841412081539,6.776776776776777
1.2455571302922692,1.0142549557667777,-0.39495242693823074,6.786786786786787
1.2486618619672147,1.0134449891967832,-0.38860307628936286,6.796796796796797
1.2477314935168025,1.015984140135201,-0.3763156324877055,6.806806806806807
1.26766351946137,1.024293883112578,-0.3762610501266057,6.816816816816817
1.2564745588276847,1.0035708391088385,-0.4230914095379778,6.826826826826827
1.2564768428982804,1.0363397233541234,-0.41582130145448315,6.836836836836837
1.2499827772598229,1.0132905956570353,-0.4006754717966877,6.846846846846847
1.241779659767371,0.9927251860479598,-0.4079520164563277,6.856856856856857
1.2366556218183726,0.9896793266375331,-0.401751611529657,6.866866866866867
1.2232529140179824,0.9270369503228831,-0.40723973668975877,6.876876876876877
1.2334704767626359,0.9410880447570644,-0.39600646341261864,6.886886886886887
1.2369608856217802,0.9474264025941579,-0.38625528644031154,6.896896896896897
1.2329775548542483,0.9267837588608487,-0.3657495373949553,6.906906906906907
1.236262596706188,0.9224656908898753,-0.373893441741701,6.916916916916917
1.2166775159088044,0.8872365766205368,-0.38776134277702246,6.926926926926927
1.2188008994323298,0.8977284914590367,-0.3851535519173901,6.936936936936937
1.212908362933651,0.8879493150112149,-0.40004443670521134,6.946946946946947
1.196299515165144,0.8615018273995595,-0.4270434687359487,6.956956956956957
1.2032576797890653,0.8609781959680879,-0.45594089115047226,6.966966966966967
1.217070558160139,0.8914020222776203,-0.42200787281439994,6.976976976976977
1.2379297107934486,0.8975563917069672,-0.39155710110004643,6.986986986986987
1.2403044952800573,0.8748748322043723,-0.39167600190782675,6.996996996996997
1.2342544576530827,0.8670643781823175,-0.4063173287863074,7.007007007007007
1.2170738668362173,0.8523419930844697,-0.40989302873326505,7.017017017017017
1.223561801610595,0.8662359879815806,-0.42533749671788396,7.027027027027027
1.2055513979767456,0.8408114467776033,-0.4311352237889966,7.037037037037037
1.1973352940664983,0.8484884663480847,-0.43397169455311707,7.047047047047047
1.2136009048565757,0.87213150936173,-0.4402344049375792,7.057057057057057
1.2192236457270775,0.8609302684273337,-0.4662924826328722,7.067067067067067
1.2298267411393207,0.8721755893165167,-0.45733080688769256,7.077077077077077
1.2555828634597248,0.896388337179638,-0.4492257530374098,7.087087087087087
1.2333516356756264,0.8764748690786737,-0.44385574928177507,7.097097097097097
1.220606510373121,0.8428694522205431,-0.45208394213368386,7.107107107107107
1.2131755672247229,0.8362509914676971,-0.4564423149909119,7.117117117117117
1.2159276770069198,0.82778961984211,-0.4627226315426995,7.127127127127127
1.2050488171987992,0.8119731370610797,-0.43481246729601875,7.137137137137137
1.212220761975231,0.8343998200636094,-0.44035885790550566,7.147147147147147
1.19306934489234,0.7961306879387049,-0.4318714797038175,7.157157157157157
1.1723787423269043,0.7782373787250498,-0.41432360750009534,7.167167167167167
1.1707829473724605,0.7737688326247534,-0.41428474047107855,7.177177177177177
1.1773082389857614,0.7764106095301381,-0.4330885078238861,7.187187187187187
1.1694622471038698,0.7625980891070204,-0.44842793178424784,7.197197197197197
1.1812217109002274,0.7701339557303012,-0.4301327294347829,7.207207207207207
1.162421291774215,0.7600630988974801,-0.440214638938061,7.217217217217217
1.1642594102327806,0.7696849247258931,-0.4210521480414673,7.227227227227227
1.1622043097491843,0.7694428689631814,-0.41883786539600576,7.237237237237237
1.1460384648988224,0.7260942188408135,-0.4419196556540909,7.247247247247247
1.1267461496441895,0.6991481527631254,-0.44467644640659915,7.257257257257257
1.1255528269610555,0.6910376366807358,-0.45331525377095416,7.267267267267267
1.1354959730786622,0.6602390746363856,-0.45380295644792024,7.277277277277277
1.1512571083959422,0.6817171622857963,-0.4306907827349644,7.287287287287287
1.1485814986144485,0.6833812193429465,-0.4262280650116061,7.297297297297297
1.167452556394095,0.710494909418227,-0.4172211291994218,7.307307307307307
1.1584231992464824,0.7225268695605832,-0.42459871913589825,7.317317317317317
1.1683669366573792,0.7576087565914524,-0.4288146200099766,7.327327327327327
1.1714336662026739,0.7599586299397324,-0.4198499330103888,7.337337337337337
1.1726064861379903,0.7494633080124143,-0.4163794523627707,7.347347347347347
1.1717804274318036,0.7411186722053815,-0.4270666992613776,7.357357357357357
1.1562700834881476,0.7027025288333821,-0.4437617505468876,7.367367367367367
1.1537361562827009,0.70032620772879,-0.46073751810218905,7.377377377377377
1.1405286432485313,0.6764052714879144,-0.4774998359947084,7.387387387387387
1.1337819964659697,0.6435597946524152,-0.48925335247373625,7.397397397397397
1.1316419402185545,0.6365599828774485,-0.47894400965347034,7.407407407407407
1.1300389431005684,0.6170592825811012,-0.4737358956878819,7.4174174174174174
1.099087943267411,0.568248690230004,-0.4857456776006981,7.4274274274274275
1.0991090997185318,0.5870495183158921,-0.5071165704251756,7.4374374374374375
1.0887631850219597,0.5637988925610266,-0.5347621169267405,7.4474474474474475
1.1065306015001795,0.5689196743665292,-0.5724563725879042,7.4574574574574575
1.1131772849268358,0.5873680716046801,-0.5672392155299757,7.4674674674674675
1.1124078462029772,0.5628654733983031,-0.5859983828022405,7.4774774774774775
1.1082250773150595,0.5645974017488953,-0.5826253918154431,7.4874874874874875
1.1200274516209496,0.5906972176114152,-0.5848556687512942,7.4974974974974975
1.1341176368936945,0.6092143683555103,-0.5849370860733475,7.5075075075075075
1.1423718673167138,0.6283576850365833,-0.5527181825899586,7.5175175175175175
1.150062176247784,0.6434152506498425,-0.5266042221532766,7.5275275275275275
1.1593531249579165,0.6720087551141686,-0.5379758278417996,7.5375375375375375
1.1704255223442561,0.6768589504579062,-0.5452580913279632,7.5475475475475475
1.1868656945699443,0.7105793059622988,-0.5332836780619655,7.5575575575575575
1.1758672671325172,0.7153884452082638,-0.5186564040020565,7.5675675675675675
1.1650305538656938,0.7331540083094368,-0.5323375425896124,7.5775775775775776
1.1660147139234516,0.7346677882122621,-0.5377345420427195,7.587587587587588
1.163872399511031,0.7163960885956945,-0.5621336660383062,7.597597597597598
1.1671568740848346,0.746506297297695,-0.5532260394984707,7.607607607607608
1.1646585994043823,0.7383626317064518,-0.5489101109693244,7.617617617617618
1.1729615881833702,0.7369980434705526,-0.5604504047493245,7.627627627627628
1.1807892010129593,0.760849727435528,-0.5492969194508371,7.637637637637638
1.152952189461301,0.743023816049341,-0.5603587651659406,7.647647647647648
1.165669785471769,0.7477778556904223,-0.5768585260270125,7.657657657657658
1.1748609623929491,0.7793568992217793,-0.5763821093793843,7.667667667667668
1.1600560087878993,0.7697352232599801,-0.570249942267518,7.677677677677678
1.1764246481120002,0.8017179854440671,-0.5881632582915981,7.687687687687688
1.1908569100369082,0.798388271680656,-0.5969776290969598,7.697697697697698
1.1742110536965278,0.7848544922884674,-0.5964024205715808,7.707707707707708
1.1534586301750027,0.7559514854991923,-0.5771136326287967,7.717717717717718
1.148622691293821,0.7370714865455483,-0.6093920170980329,7.727727727727728
1.1514190257882848,0.7356552523494817,-0.6272744488828617,7.737737737737738
1.1656277363266037,0.7537107076565034,-0.618908062637311,7.747747747747748
1.1567400818490916,0.7485416991460518,-0.631482165142648,7.757757757757758
1.1562184223951784,0.731871815040183,-0.6116329249307229,7.767767767767768
1.1565232728796617,0.7360961176462337,-0.5810985036564835,7.777777777777778
1.1623408011565122,0.7411915453474597,-0.5864039531641082,7.787787787787788
1.1538916726695,0.7443285735502101,-0.6007544666092016,7.797797797797798
1.1477682242808778,0.7350411564574656,-0.59039881745958,7.807807807807808
1.131913188350704,0.7123474224185948,-0.5950019900793145,7.817817817817818
1.151913352224096,0.7126275116593525,-0.5844286492408804,7.827827827827828
1.1445322327955556,0.728361894306275,-0.5795282322335269,7.837837837837838
1.1369149022463132,0.7075682281012563,-0.5829849930792029,7.847847847847848
1.1396403964349509,0.715846065392381,-0.5720402565362565,7.857857857857858
1.1287366862461374,0.7119981874054114,-0.5672994496461705,7.867867867867868
1.1484044038993548,0.7125093002188143,-0.5748293230650172,7.877877877877878
1.1437294360984454,0.7216520291628711,-0.5717952470249296,7.887887887887888
1.153079168697546,0.7037658338031209,-0.5552628308488584,7.897897897897898
1.1681138476074688,0.7045207631867078,-0.5505170465159854,7.907907907907908
1.157663346964216,0.7040526681636725,-0.556387959454023,7.917917917917918
1.1610791022055273,0.6980365050922182,-0.5636078320866771,7.927927927927928
1.1790220786975139,0.7089373550736295,-0.5378286629587656,7.937937937937938
1.1734073481041702,0.6894113511211577,-0.5455388127111875,7.947947947947948
1.1836443323034955,0.7172285870726293,-0.5379306192703853,7.957957957957958
1.1740313620298046,0.6952959767550398,-0.5501540239952706,7.967967967967968
1.1651005223270188,0.7017267042709892,-0.5610562991237072,7.977977977977978
1.158885455893843,0.709567855334884,-0.5781473699355139,7.987987987987988
1.164659313357056,0.7031153396832814,-0.5650059088729282,7.997997997997998
1.158715425190081,0.6787685745303959,-0.5590414842460905,8.008008008008009
1.1464615448935627,0.6644674445665723,-0.5750785951791086,8.018018018018019
1.1297928856070052,0.6581102338085726,-0.5791577724712765,8.028028028028029
1.1394251499566828,0.6626622374214216,-0.5726787472352879,8.038038038038039
1.1299129108873758,0.6258714526497858,-0.572641138055411,8.048048048048049
1.1280550117498664,0.6082000739100162,-0.5922117733002983,8.058058058058059
1.1306169776604078,0.5868262361630726,-0.6038091994672484,8.068068068068069
1.1229324970695502,0.5823264164381577,-0.6288154958432197,8.078078078078079
1.1149666628616632,0.5954168226942437,-0.639868910463591,8.088088088088089
1.1284055141937825,0.6186111243911007,-0.6238947796419345,8.098098098098099
1.1186050469494573,0.5924017936856902,-0.6093206679875336,8.108108108108109
1.1327907369666959,0.5994017100963988,-0.6111072230038389,8.118118118118119
1.1156174767426261,0.5703472984120148,-0.6488976839391705,8.128128128128129
1.1324026430325709,0.5789968531347272,-0.6545267103890209,8.138138138138139
1.1403570798991087,0.5860959594740367,-0.6070273635053518,8.148148148148149
1.1420146945013552,0.5774105274624292,-0.61138096457354,8.158158158158159
1.1404741110920362,0.5905929490085338,-0.5856225842823752,8.168168168168169
1.1259004789204146,0.5449594904591153,-0.585627977037816,8.178178178178179
1.1266594254511606,0.5485867129393084,-0.563561051426163,8.188188188188189
1.121804945702335,0.546868806237113,-0.5826879987851021,8.198198198198199
1.114042140354551,0.5214704379897913,-0.6074096177219933,8.208208208208209
1.120689099002853,0.5328327913828554,-0.599890477749766,8.218218218218219
1.1303359900157948,0.5665602788408318,-0.6084953411605097,8.228228228228229
1.1141919473479185,0.5542252874297484,-0.6030130845689967,8.238238238238239
1.1223005831978294,0.58901665685305,-0.5830603655321381,8.248248248248249
1.1185963842669056,0.5603078690496047,-0.5866767492423731,8.258258258258259
1.1244814223957091,0.5504808160059823,-0.6015401627272323,8.268268268268269
1.1014207541145236,0.5223849220870148,-0.6014069139506741,8.278278278278279
1.0991321558879874,0.5238166876039537,-0.6102065143787313,8.288288288288289
1.0989274687442676,0.520981650161995,-0.6236117610584482,8.298298298298299
1.1099333647241902,0.5409688554840362,-0.6103789147045366,8.308308308308309
1.1201803520873488,0.5317409301644807,-0.5918185339706661,8.318318318318319
1.1095642210717962,0.48201643214679474,-0.6047101248087012,8.328328328328329
1.1111835140943602,0.47407110204155445,-0.6152127476972195,8.338338338338339
1.0815965778965342,0.4362747420260516,-0.6431731971278759,8.348348348348349
1.0751868360529138,0.4236488808428612,-0.6420871382298641,8.358358358358359
1.0482564716914966,0.4039477458077103,-0.6424492283082255,8.368368368368369
1.058830280706575,0.43277515151071183,-0.62449323228335,8.378378378378379
1.054722650065668,0.43076089285017005,-0.622713236750743,8.388388388388389
1.0596430664499539,0.4702204328188846,-0.6200710396414325,8.398398398398399
1.062465803298913,0.45580620937597316,-0.5995900506427455,8.408408408408409
1.0658033286605204,0.46225808032882154,-0.5918903956747826,8.418418418418419
1.0519830766499148,0.4467480949770143,-0.6029991137772045,8.428428428428429
1.0475789269586495,0.42681275056763607,-0.6198643175013357,8.438438438438439
1.0620178029400886,0.4228824959861537,-0.6158731791157951,8.448448448448449
1.0604289485471934,0.39324404761087556,-0.6193367705843913,8.458458458458459
1.0705293497718555,0.41257244702130946,-0.617262369982009,8.468468468468469
1.0776854471023607,0.45760083521120504,-0.6297910018664126,8.478478478478479
1.0727543979736411,0.4303055020586515,-0.6560857326771503,8.488488488488489
1.0624597804511355,0.42740965839220374,-0.6702279695483353,8.498498498498499
1.0682510971022525,0.42035237312003776,-0.6732534354450038,8.508508508508509
1.0601777929293055,0.410487520799645,-0.6743532344848477,8.518518518518519
1.0591981554562109,0.4355718820419419,-0.6461697718272951,8.528528528528529
1.0926699477149497,0.5114582949802333,-0.6099700636889863,8.538538538538539
1.0948674558954399,0.5086567574992917,-0.6184237920683892,8.548548548548549
1.0864872213445724,0.490536036923537,-0.6191843916516818,8.558558558558559
1.0829608662985486,0.48616641973443114,-0.628486800568287,8.568568568568569
1.1044233690558747,0.48915519761030635,-0.5948640779929351,8.578578578578579
1.088738116720184,0.47115636364207253,-0.6031085125134042,8.588588588588589
1.0653226142540781,0.43512811247117644,-0.6085419785233078,8.598598598598599
1.057315574695086,0.4216592225724486,-0.6570843688248881,8.608608608608609
1.07427672996282,0.4348261951373439,-0.6394176324563727,8.618618618618619
1.0748369531441058,0.4402868533827071,-0.6493106343403642,8.62862862862863
1.0633160575775693,0.448175157036141,-0.6360523893094246,8.63863863863864
1.062090508412826,0.447399532310297,-0.6212467485926354,8.64864864864865
1.0292525376859107,0.3802285055844449,-0.6497612804652892,8.65865865865866
1.0322403341722293,0.39800337722240037,-0.6473100703325868,8.66866866866867
1.02752882148808,0.3968258113205631,-0.6550957829958725,8.67867867867868
1.0270409242858498,0.3738385497183833,-0.6745730455580574,8.68868868868869
1.0349527043841529,0.37700005054065355,-0.6873734104963638,8.6986986986987
1.0347069818854628,0.3780075010939117,-0.6851552932809142,8.70870870870871
1.0380068740841453,0.36716668689158427,-0.6899591145431643,8.71871871871872
1.0285991056617974,0.36637584866611106,-0.6658126314656547,8.72872872872873
1.0285730197998697,0.36439515126710803,-0.6646948417932064,8.73873873873874
1.0151611794809416,0.339943530356001,-0.6559486262204396,8.74874874874875
1.0104656878312523,0.3130745773476882,-0.6741270253769286,8.75875875875876
1.0041507431082577,0.3138151584372063,-0.6647645366930048,8.76876876876877
1.0120329411860045,0.3289774939633474,-0.6820222115946116,8.77877877877878
0.9901306606998115,0.3015869034826648,-0.6851311627717135,8.78878878878879
0.9819242087552016,0.27960448060156023,-0.6920232041858578,8.7987987987988
0.9797150625580872,0.28793708210761737,-0.6917050761384074,8.80880880880881
0.9639992066268833,0.24116104186811838,-0.6912932670867563,8.81881881881882
0.9706177127540176,0.24158150160267003,-0.6728986721668885,8.82882882882883
0.9818613937961227,0.26898520343983295,-0.6671725102660079,8.83883883883884
0.9719226819418056,0.2477004307099402,-0.6665326391551054,8.84884884884885
0.9605403886501103,0.22873525280391083,-0.6780141095644957,8.85885885885886
0.9741397409804231,0.24700625708544438,-0.6530226756303535,8.86886886886887
0.9764044117114564,0.24448125258555906,-0.6592764131091903,8.87887887887888
0.9648932729708789,0.2495336257363356,-0.657836592787724,8.88888888888889
0.9626823788052487,0.29169626363340834,-0.6604385572312891,8.8988988988989
0.9623741386694895,0.26950085503865817,-0.6734093009731645,8.90890890890891
0.9545738267964384,0.2862558827501424,-0.6770724091511123,8.91891891891892
0.9439996905970051,0.3106059358235915,-0.639341917775095,8.92892892892893
0.959048222783904,0.3049340485708451,-0.6371343602367368,8.93893893893894
0.9701212237532155,0.3291831491912117,-0.6373329262159605,8.94894894894895
0.9739769065488773,0.3415423083716159,-0.6401642390910013,8.95895895895896
0.9587272002654864,0.33337093250290223,-0.6315782638827895,8.96896896896897
0.9670411160384899,0.3429338019260041,-0.5936074539619717,8.97897897897898
0.9600856593474979,0.35879269046998075,-0.5715331374315649,8.98898898898899
0.9645106677189942,0.38970430511475107,-0.5662675353232249,8.998998998999
0.9744370408993284,0.377697668073705,-0.5621667280028428,9.00900900900901
0.9627285707078737,0.3617250743122291,-0.5887132930955272,9.01901901901902
0.959398709636003,0.35715720844426635,-0.5937513692665188,9.02902902902903
0.958658853155641,0.36382467155221854,-0.5846648748958506,9.03903903903904
0.9769202836916309,0.38033539607464706,-0.5984885114984716,9.04904904904905
0.9920963058092754,0.3370832677152516,-0.6078105496645828,9.05905905905906
1.0088121034919522,0.35362648506649563,-0.6145363747478015,9.06906906906907
1.0172929131335224,0.3553835374770524,-0.6108936581267551,9.07907907907908
1.0258029375218818,0.3741074135030365,-0.5915903954040975,9.08908908908909
1.041693022596109,0.408376241643451,-0.6058578809682966,9.0990990990991
1.045896156225169,0.4060258469475982,-0.591807034919571,9.10910910910911
1.0634608670359473,0.4268867667155416,-0.5908210397472302,9.11911911911912
1.0743131697912198,0.4229463183192276,-0.5846169017985114,9.12912912912913
1.0606495790763337,0.39023250606078796,-0.6176560448831034,9.13913913913914
1.0257727719075649,0.3474929822923932,-0.6616621821757167,9.14914914914915
1.0221323376822622,0.32958372716799933,-0.6673539354950152,9.15915915915916
1.038983127035662,0.32315840976413956,-0.6596477492026092,9.16916916916917
1.0499761302773671,0.36342314634553574,-0.6514530758745471,9.17917917917918
1.0335833120654774,0.3461809051147391,-0.6405422504996424,9.18918918918919
1.0261092529044904,0.3307917929088735,-0.6677452621144309,9.1991991991992
1.027415278934439,0.31853030544668587,-0.6723299157869213,9.20920920920921
1.047943054169055,0.34450631181956415,-0.6794854378898989,9.21921921921922
1.062062654929168,0.36312571039349273,-0.6851087740788727,9.22922922922923
1.063071149908037,0.38723989385536994,-0.6892872934814974,9.23923923923924
1.0482816042052499,0.35841700406715105,-0.7211156973441928,9.24924924924925
1.0598585321195229,0.3773045819233302,-0.719753059056662,9.25925925925926
1.0728555974524687,0.39898715116958006,-0.6921562532954877,9.26926926926927
1.090828073393571,0.41650565137099227,-0.6683414886211492,9.27927927927928
1.1013496182128464,0.42919077508802755,-0.6538451222826008,9.28928928928929
1.1203166015721164,0.4078938365770818,-0.6222030891735999,9.2992992992993
1.1212556324774074,0.398942611389683,-0.6288009784115396,9.30930930930931
1.1107248211468024,0.3916003242851093,-0.5923917877633162,9.31931931931932
1.1116459594255057,0.3991452267272948,-0.5882428792790283,9.32932932932933
1.1113289610049126,0.40175961499895274,-0.6223795896986702,9.33933933933934
1.1035597158123305,0.3949593301062423,-0.648569659302389,9.34934934934935
1.1134212435757254,0.43343639927191935,-0.6461380943762346,9.35935935935936
1.1275978611763755,0.41811354014459917,-0.6601135278010088,9.36936936936937
1.1347400310564988,0.4169076845011527,-0.6431296536378599,9.37937937937938
1.1435125792797134,0.463837445386093,-0.6166527710566843,9.38938938938939
1.1456706090861128,0.5136389980749652,-0.6390312493958195,9.3993993993994
1.1464758861033923,0.5296656794678494,-0.6383927399722218,9.40940940940941
1.1450699530814532,0.5597450266458603,-0.6312825674966692,9.41941941941942
1.1386463782474305,0.5596520525706747,-0.6182543926207017,9.42942942942943
1.145928879472649,0.5579421538245706,-0.6018904494831566,9.43943943943944
1.1361852785947097,0.554987520859396,-0.6207413014190165,9.44944944944945
1.127192731057744,0.541870567981474,-0.6047254952504109,9.45945945945946
1.1180143489723313,0.5423627684375361,-0.6035147350942811,9.46946946946947
1.1192770391645037,0.5612838111165334,-0.6112656536977348,9.47947947947948
1.0989628296222975,0.5539375464312813,-0.6113955941660644,9.48948948948949
1.1089912997560976,0.5780804039017732,-0.5995912322753028,9.4994994994995
1.1169403080349016,0.5876160326006208,-0.5982270899208251,9.50950950950951
1.1155460014783993,0.5753147405051936,-0.6028437425222337,9.51951951951952
1.1155997722390523,0.552409341903253,-0.5915729939256447,9.52952952952953
1.1184121486728773,0.5230997886621924,-0.6034318981195222,9.53953953953954
1.1271642714535652,0.541240960515155,-0.6308271566716641,9.54954954954955
1.114606591668828,0.5315224434154628,-0.657103612299839,9.55955955955956
1.1055166725747279,0.492330222051389,-0.6668353229863708,9.56956956956957
1.1155317656995276,0.4995473900437555,-0.6667069010976594,9.57957957957958
1.1355245228094017,0.52818789232835,-0.6487135039462245,9.58958958958959
1.1337688188242865,0.5367524713468482,-0.6619704279360915,9.5995995995996
1.1272984314552557,0.5345025427994752,-0.6528757523333705,9.60960960960961
1.125651321297081,0.5335280606902187,-0.6668403238902508,9.61961961961962
1.1227707136032727,0.533677486803399,-0.65813259103336,9.62962962962963
1.114272738379717,0.5119928091057802,-0.6623157663372817,9.63963963963964
1.111949309564032,0.500650485492761,-0.6631789061514888,9.64964964964965
1.112645079376664,0.4905427874007966,-0.6573504934898987,9.65965965965966
1.0900499645034445,0.4470592303394128,-0.6755158677190389,9.66966966966967
1.089125539169695,0.4583879884405452,-0.6498998268865092,9.67967967967968
1.0985035149231992,0.4548726567995707,-0.6522159953145176,9.68968968968969
1.1062807764147116,0.47833850218941243,-0.6395848546270566,9.6996996996997
1.1134481498667015,0.5201095241752451,-0.6265294872837727,9.70970970970971
1.0796444001812067,0.46246633827524963,-0.6633923673412989,9.71971971971972
1.0717576204358172,0.42834311216864346,-0.6652786882046087,9.72972972972973
1.0899603886875249,0.433136389580404,-0.6466150496791141,9.73973973973974
1.0857472058689945,0.41683363965165654,-0.657896358676185,9.74974974974975
1.071216558999406,0.38861157021505355,-0.6836364080677273,9.75975975975976
1.068061095558475,0.39797887292641415,-0.6807559298653583,9.76976976976977
1.050703467909754,0.37464228501691177,-0.7080768618707504,9.77977977977978
1.0467477634510778,0.352267528052572,-0.7082685511097945,9.78978978978979
1.0364842969730514,0.32898813411771677,-0.7124014931014359,9.7997997997998
1.0621036080154393,0.35837742462983196,-0.6983194690933406,9.80980980980981
1.075806711133471,0.3877620433265266,-0.6917509508960832,9.81981981981982
1.0831485931754996,0.41342947459483453,-0.7132182552087326,9.82982982982983
1.0752849564386764,0.40347530545962274,-0.7225817129885346,9.83983983983984
1.0559543156704674,0.38068015479275075,-0.7636476639728971,9.84984984984985
1.0565155994863982,0.36550703746070284,-0.7555992540507497,9.85985985985986
1.055434841868274,0.3590855549710961,-0.7793502623629577,9.86986986986987
1.0496080546124902,0.3397888857506563,-0.7987620034666969,9.87987987987988
1.0442994697534105,0.34770372963531115,-0.7791782955316537,9.88988988988989
1.0557722904944387,0.39175202810346416,-0.7756203171823752,9.8998998998999
1.0777369945029511,0.41293364517562514,-0.7728112636521205,9.90990990990991
1.0872737387358138,0.42646996039140994,-0.7805513364093798,9.91991991991992
1.097550571051874,0.44538279665373387,-0.7674131355843479,9.92992992992993
1.08453489141727,0.4270088730703572,-0.7932982457796098,9.93993993993994
1.0934015529935253,0.42605055722400026,-0.7838755936012904,9.94994994994995
1.1038099146228932,0.4400386295071161,-0.7780392037117608,9.95995995995996
1.110169084348479,0.47255621524779645,-0.7746541851453863,9.96996996996997
1.1035681028986457,0.45505655619260704,-0.7474585251860824,9.97997997997998
1.120314402501213,0.4705816784473981,-0.7520604785455836,9.98998998998999
1.1203485763661796,0.48084495028740093,-0.7547325312022334,10.0
