Time,Rotor Speed (omega),Aerodynamic Torque (T_m),Wind Speed,Pitch Angle
0.0,0.0,0.0,8.0,7.0
0.1001001001001001,inf,inf,8.020019685686359,6.999974949977192
0.2002002002002002,inf,-0.0,8.040037365410948,6.999899800536272
0.3003003003003003,inf,-0.0,8.060051033412993,6.999774553559734
0.4004004004004004,inf,-0.0,8.080058684333693,6.99959921218502
0.5005005005005005,inf,-0.0,8.100058313417158,6.999373780804433
0.6006006006006006,inf,-0.0,8.120047916711275,6.999098265065035
0.7007007007007008,inf,-0.0,8.140025491268517,6.998772671868502
0.8008008008008008,inf,-0.0,8.159989035346626,6.99839700937095
0.9009009009009009,inf,-0.0,8.17993654860919,6.997971286982735
1.001001001001001,inf,-0.0,8.199866032326078,6.997495515368211
1.1011011011011012,inf,-0.0,8.21977548957371,6.9969697064454675
1.2012012012012012,inf,-0.0,8.239662925435146,6.996393873386031
1.3013013013013013,inf,-0.0,8.259526347199978,6.995768030614533
1.4014014014014016,inf,-0.0,8.279363764563998,6.995092193808349
1.5015015015015016,inf,-0.0,8.299173189828622,6.9943663798972056
1.6016016016016017,inf,-0.0,8.318952638100065,6.9935906070627585
1.7017017017017018,inf,-0.0,8.338700127488215,6.992764894738134
1.8018018018018018,inf,-0.0,8.358413679305224,6.991889263607446
1.9019019019019021,inf,-0.0,8.378091318263776,6.990963735605273
2.002002002002002,inf,-0.0,8.397731072674997,6.989988333916114
2.1021021021021022,inf,-0.0,8.417330974646028,6.988963082973802
2.2022022022022023,inf,-0.0,8.436889060277203,6.987888008460898
2.3023023023023024,inf,-0.0,8.456403369858828,6.986763137308042
2.4024024024024024,inf,-0.0,8.47587194806755,6.985588497693283
2.5025025025025025,inf,-0.0,8.495292844162272,6.984364119041369
2.6026026026026026,inf,-0.0,8.514664112179622,6.983090032023013
2.702702702702703,inf,-0.0,8.53398381112893,6.981766268554125
2.802802802802803,inf,-0.0,8.553250005186722,6.980392861795011
2.902902902902903,inf,-0.0,8.572460763890689,6.978969846149539
3.0030030030030033,inf,-0.0,8.591614162333109,6.977497257264284
3.1031031031031033,inf,-0.0,8.610708281353727,6.975975132027633
3.2032032032032034,inf,-0.0,8.62974120773206,6.974403508568856
3.3033033033033035,inf,-0.0,8.64871103437909,6.972782426257158
3.4034034034034035,inf,-0.0,8.667615860528361,6.971111925700686
3.5035035035035036,inf,-0.0,8.686453791926432,6.969392048745519
3.6036036036036037,inf,-0.0,8.705222941022676,6.967622838474613
3.7037037037037037,inf,-0.0,8.723921427158421,6.965804339206725
3.8038038038038042,inf,-0.0,8.742547376755384,6.963936596495304
3.9039039039039043,inf,-0.0,8.761098923503402,6.962019657127348
4.004004004004004,inf,-0.0,8.77957420854744,6.9600535691222305
4.104104104104104,inf,-0.0,8.797971380673848,6.9580383817305025
4.2042042042042045,inf,-0.0,8.816288596495841,6.955974145432653
4.3043043043043046,inf,-0.0,8.834524020638217,6.9538609119378485
4.404404404404405,inf,-0.0,8.852675825921256,6.951698734182636
4.504504504504505,inf,-0.0,8.870742193543805,6.949487666329618
4.604604604604605,inf,-0.0,8.888721313265515,6.947227763766095
4.704704704704705,inf,-0.0,8.906611383588231,6.944919083102677
4.804804804804805,inf,-0.0,8.924410611936503,6.942561682171867
4.904904904904905,inf,-0.0,8.942117214837193,6.940155620026614
5.005005005005005,inf,-0.0,8.959729418098188,6.937700956938827
5.105105105105105,inf,-0.0,8.977245456986166,6.9351977543978744
5.205205205205205,inf,-0.0,8.994663576403422,6.932646075109036
5.305305305305305,inf,-0.0,9.01198203106373,6.9300459829919365
5.405405405405406,inf,-0.0,9.029199085667226,6.927397543178943
5.505505505505506,inf,-0.0,9.046313015074269,6.924700822013532
5.605605605605606,inf,-0.0,9.063322104478308,6.9219558870486315
5.705705705705706,inf,-0.0,9.080224649577708,6.919162807044924
5.805805805805806,inf,-0.0,9.097018956746515,6.916321651969128
5.9059059059059065,inf,-0.0,9.113703343204156,6.913432492992243
6.0060060060060065,inf,-0.0,9.130276137184055,6.910495402487767
6.106106106106107,inf,-0.0,9.146735678101143,6.907510454029884
6.206206206206207,inf,-0.0,9.163080316718247,6.904477722391621
6.306306306306307,inf,-0.0,9.179308415311343,6.901397283542975
6.406406406406407,inf,-0.0,9.195418347833655,6.898269214649009
6.506506506506507,inf,-0.0,9.211408500078583,6.895093594067921
6.606606606606607,inf,-0.0,9.227277269841448,6.891870501349078
6.706706706706707,inf,-0.0,9.24302306708003,6.888600017231026
6.806806806806807,inf,-0.0,9.258644314073885,6.885282223639468
6.906906906906907,inf,-0.0,9.274139445582449,6.881917203685207
7.007007007007007,inf,-0.0,9.28950690900185,6.878505041662072
7.107107107107107,inf,-0.0,9.304745164520492,6.875045823044799
7.207207207207207,inf,-0.0,9.31985268527335,6.871539634486892
7.307307307307307,inf,-0.0,9.33482795749494,6.867986563818454
7.407407407407407,inf,-0.0,9.349669480671023,6.864386700043989
7.507507507507508,inf,-0.0,9.364375767688932,6.8607401333401645
7.6076076076076085,inf,-0.0,9.378945344986594,6.85704695505356
7.7077077077077085,inf,-0.0,9.393376752700178,6.853307257698376
7.807807807807809,inf,-0.0,9.407668544810369,6.8495211349541165
7.907907907907909,inf,-0.0,9.421819289287264,6.845688681663242
8.008008008008009,inf,-0.0,9.435827568233853,6.841809993828797
8.108108108108109,inf,-0.0,9.449691978028099,6.837885168611996
8.208208208208209,inf,-0.0,9.463411129463575,6.833914304329805
8.308308308308309,inf,-0.0,9.476983647888664,6.829897500452462
8.408408408408409,inf,-0.0,9.490408173344301,6.825834857600996
8.508508508508509,inf,-0.0,9.503683360700231,6.821726477544704
8.608608608608609,inf,-0.0,9.516807879789804,6.8175724631986
8.70870870870871,inf,-0.0,9.529780415543241,6.8133729186208365
8.80880880880881,inf,-0.0,9.542599668119419,6.809127949010103
8.90890890890891,inf,-0.0,9.555264353036105,6.804837660702984
9.00900900900901,inf,-0.0,9.56777320129866,6.8005021611713
9.10910910910911,inf,-0.0,9.580124959527199,6.796121559019412
9.20920920920921,inf,-0.0,9.592318390082168,6.791695963981506
9.30930930930931,inf,-0.0,9.604352271188366,6.787225486918836
9.40940940940941,inf,-0.0,9.61622539705736,6.782710239816957
9.50950950950951,inf,-0.0,9.627936578008306,6.778150335782909
9.60960960960961,inf,-0.0,9.63948464058715,6.773545889042395
9.70970970970971,inf,-0.0,9.650868427684218,6.768897014936909
9.80980980980981,inf,-0.0,9.662086798650146,6.764203829920854
9.90990990990991,inf,-0.0,9.673138629410179,6.759466451558621
10.01001001001001,inf,-0.0,9.684022812576801,6.754684998521647
10.11011011011011,inf,-0.0,9.694738257560697,6.749859590585439
10.21021021021021,inf,-0.0,9.705283890680027,6.744990348626576
10.31031031031031,inf,-0.0,9.715658655268005,6.74007739461968
10.41041041041041,inf,-0.0,9.725861511778785,6.735120851634362
10.51051051051051,inf,-0.0,9.735891437891615,6.730120843832136
10.61061061061061,inf,-0.0,9.74574742861328,6.725077496463311
10.710710710710712,inf,-0.0,9.75542849637879,6.719990935863853
10.810810810810812,inf,-0.0,9.76493367115035,6.714861289452224
10.910910910910912,inf,-0.0,9.774262000514547,6.709688685726181
11.011011011011012,inf,-0.0,9.783412549777777,6.7044732542595655
11.111111111111112,inf,-0.0,9.792384402059913,6.699215125699055
11.211211211211213,inf,-0.0,9.801176658386169,6.693914431760891
11.311311311311313,inf,-0.0,9.809788437777172,6.688571305227576
11.411411411411413,inf,-0.0,9.81821887733725,6.683185879944553
11.511511511511513,inf,-0.0,9.826467132340879,6.677758290816846
11.611611611611613,inf,-0.0,9.834532376317329,6.672288673805689
11.711711711711713,inf,-0.0,9.84241380113348,6.666777165925111
11.811811811811813,inf,-0.0,9.850110617074792,6.6612239052385105
11.911911911911913,inf,-0.0,9.857622052924434,6.655629030855195
12.012012012012013,inf,-0.0,9.864947356040565,6.649992682926895
12.112112112112113,inf,-0.0,9.872085792431738,6.644315002644254
12.212212212212213,inf,-0.0,9.879036646830457,6.638596132233294
12.312312312312313,inf,-0.0,9.885799222764836,6.632836214951849
12.412412412412413,inf,-0.0,9.892372842628397,6.6270353950859775
12.512512512512513,inf,-0.0,9.89875684774795,6.621193817946349
12.612612612612613,inf,-0.0,9.904950598449611,6.615311629864605
12.712712712712714,inf,-0.0,9.910953474122877,6.609388978189691
12.812812812812814,inf,-0.0,9.916764873282828,6.603426011284166
12.912912912912914,inf,-0.0,9.92238421363038,6.597422878520488
13.013013013013014,inf,-0.0,9.92781093211065,6.59137973027727
13.113113113113114,inf,-0.0,9.93304448496935,6.585296717935511
13.213213213213214,inf,-0.0,9.938084347807294,6.579173993874811
13.313313313313314,inf,-0.0,9.942930015632928,6.573011711469546
13.413413413413414,inf,-0.0,9.947581002912933,6.566810025085031
13.513513513513514,inf,-0.0,9.95203684362088,6.5605690900736535
13.613613613613614,inf,-0.0,9.956297091283918,6.554289062770975
13.713713713713714,inf,-0.0,9.960361319027516,6.547970100491824
13.813813813813814,inf,-0.0,9.964229119618233,6.541612361526351
13.913913913913914,inf,-0.0,9.967900105504526,6.535216005136059
14.014014014014014,inf,-0.0,9.971373908855576,6.5287811915498235
14.114114114114114,inf,-0.0,9.97465018159815,6.5223080819598716
14.214214214214214,inf,-0.0,9.97772859545148,6.515796838517746
14.314314314314315,inf,-0.0,9.980608841960143,6.509247624330243
14.414414414414415,inf,-0.0,9.983290632524985,6.502660603455327
14.514514514514515,inf,-0.0,9.985773698432032,6.4960359408980235
14.614614614614615,inf,-0.0,9.988057790879411,6.489373802606277
14.714714714714715,inf,-0.0,9.990142681002283,6.4826743554668065
14.814814814814815,inf,-0.0,9.992028159895776,6.475937767300915
14.914914914914915,inf,-0.0,9.993714038635915,6.469164206860289
15.015015015015017,inf,-0.0,9.995200148298556,6.462353843822773
15.115115115115117,inf,-0.0,9.996486339976306,6.455506848788115
15.215215215215217,inf,-0.0,9.99757248479345,6.4486233932736985
15.315315315315317,inf,-0.0,9.99845847391886,6.44170364971024
15.415415415415417,inf,-0.0,9.999144218576898,6.434747791437474
15.515515515515517,inf,-0.0,9.99962965005632,6.427755992699809
15.615615615615617,inf,-0.0,9.999914719717152,6.420728428641962
15.715715715715717,inf,-0.0,9.999999398995566,6.413665275304575
15.815815815815817,inf,-0.0,9.999883679406743,6.406566709619797
15.915915915915917,inf,-0.0,9.999567572545725,6.399432909406863
16.016016016016017,inf,-0.0,9.999051110086251,6.392264053367629
16.116116116116117,inf,-0.0,9.998334343777579,6.385060321082105
16.216216216216218,inf,-0.0,9.997417345439311,6.377821893003947
16.316316316316318,inf,-0.0,9.996300206954189,6.370548950455944
16.416416416416418,inf,-0.0,9.994983040258887,6.363241675625472
16.516516516516518,inf,-0.0,9.993465977332807,6.355900251559934
16.616616616616618,inf,-0.0,9.991749170184837,6.348524862162168
16.716716716716718,inf,-0.0,9.989832790838133,6.341115692185848
16.816816816816818,inf,-0.0,9.987717031312878,6.33367292723085
16.916916916916918,inf,-0.0,9.985402103607042,6.326196753738607
17.017017017017018,inf,-0.0,9.98288823967514,6.318687358987435
17.117117117117118,inf,-0.0,9.980175691404988,6.311144931087844
17.217217217217218,inf,-0.0,9.97726473059247,6.303569658977825
17.31731731731732,inf,-0.0,9.9741556489143,6.295961732418116
17.41741741741742,inf,-0.0,9.97084875789879,6.2883213419874515
17.51751751751752,inf,-0.0,9.96734438889465,6.280648679077787
17.61761761761762,inf,-0.0,9.963642893037774,6.2729439358895025
17.71771771771772,inf,-0.0,9.95974464121606,6.26520730542659
17.81781781781782,inf,-0.0,9.955650024032254,6.25743898149182
17.91791791791792,inf,-0.0,9.9513594517648,6.249639158681885
18.01801801801802,inf,-0.0,9.946873354326737,6.241808032382522
18.11811811811812,inf,-0.0,9.942192181222623,6.233945798763624
18.21821821821822,inf,-0.0,9.937316401503494,6.226052654774326
18.31831831831832,inf,-0.0,9.932246503719863,6.21812879813806
18.41841841841842,inf,-0.0,9.926982995872768,6.210174427347617
18.51851851851852,inf,-0.0,9.921526405362872,6.202189741660169
18.61861861861862,inf,-0.0,9.91587727893762,6.194174941092272
18.71871871871872,inf,-0.0,9.91003618263645,6.186130226414864
18.81881881881882,inf,-0.0,9.904003701734077,6.178055799148232
18.91891891891892,inf,-0.0,9.897780440681853,6.169951861556961
19.01901901901902,inf,-0.0,9.891367023047199,6.161818616644874
19.11911911911912,inf,-0.0,9.884764091451123,6.153656268149941
19.21921921921922,inf,-0.0,9.877972307503828,6.145465020539179
19.31931931931932,inf,-0.0,9.870992351738426,6.137245079003527
19.41941941941942,inf,-0.0,9.86382492354274,6.1289966494527075
19.51951951951952,inf,-0.0,9.856470741089232,6.120719938510068
19.61961961961962,inf,-0.0,9.848930541263039,6.112415153507408
19.71971971971972,inf,-0.0,9.841205079588141,6.104082502479781
19.81981981981982,inf,-0.0,9.833295130151653,6.0957221941602855
19.91991991991992,inf,-0.0,9.82520148552627,6.087334437974834
20.02002002002002,inf,-0.0,9.81692495669084,6.078919444036912
20.12012012012012,inf,-0.0,9.808466372949116,6.070477423142309
20.22022022022022,inf,-0.0,9.79982658184665,6.062008586763841
20.32032032032032,inf,-0.0,9.79100644908588,6.0535131470460515
20.42042042042042,inf,-0.0,9.78200685843938,6.0449913167999005
20.52052052052052,inf,-0.0,9.772828711661301,6.03644330949743
20.62062062062062,inf,-0.0,9.763472928397032,6.027869339266417
20.72072072072072,inf,-0.0,9.75394044609104,6.0192696208850105
20.82082082082082,inf,-0.0,9.744232219892938,6.0106443697763545
20.92092092092092,inf,-0.0,9.734349222561784,6.001993802003185
21.02102102102102,inf,-0.0,9.724292444368613,5.993318134262422
21.12112112112112,inf,-0.0,9.714062892997203,5.984617583879739
21.22122122122122,inf,-0.0,9.70366159344312,5.975892368804124
21.32132132132132,inf,-0.0,9.693089587911,5.967142707602412
21.421421421421424,inf,-0.0,9.682347935710126,5.958368819453815
21.521521521521525,inf,-0.0,9.671437713148292,5.9495709241444334
21.621621621621625,inf,-0.0,9.660360013423944,5.940749242061743
21.721721721721725,inf,-0.0,9.649115946516654,5.931903994189084
21.821821821821825,inf,-0.0,9.637706639075898,5.923035402100115
21.921921921921925,inf,-0.0,9.626133234308162,5.9141436879532705
22.022022022022025,inf,-0.0,9.614396891862398,5.9052290744861935
22.122122122122125,inf,-0.0,9.602498787713825,5.8962917850101535
22.222222222222225,inf,-0.0,9.590440114046098,5.887332043404457
22.322322322322325,inf,-0.0,9.578222079131852,5.878350074110834
22.422422422422425,inf,-0.0,9.565845907211632,5.869346102127822
22.522522522522525,inf,-0.0,9.553312838371227,5.8603203530051236
22.622622622622625,inf,-0.0,9.540624128417416,5.851273052837961
22.722722722722725,inf,-0.0,9.527781048752132,5.842204428261407
22.822822822822825,inf,-0.0,9.514784886245067,5.833114706444718
22.922922922922925,inf,-0.0,9.501636943104739,5.824004115085629
23.023023023023026,inf,-0.0,9.488338536747994,5.814872882404665
23.123123123123126,inf,-0.0,9.474890999668023,5.8057212371394105
23.223223223223226,inf,-0.0,9.461295679300827,5.796549408538789
23.323323323323326,inf,-0.0,9.447553937890216,5.787357626357315
23.423423423423426,inf,-0.0,9.433667152351312,5.778146120849344
23.523523523523526,inf,-0.0,9.419636714132578,5.768915122763297
23.623623623623626,inf,-0.0,9.405464029076397,5.759664863335888
23.723723723723726,inf,-0.0,9.391150517278215,5.750395574286325
23.823823823823826,inf,-0.0,9.376697612944234,5.741107487810512
23.923923923923926,inf,-0.0,9.362106764247722,5.731800836575227
24.024024024024026,inf,-0.0,9.34737943318389,5.722475853712293
24.124124124124126,inf,-0.0,9.332517095423416,5.713132772812746
24.224224224224226,inf,-0.0,9.317521240164572,5.703771827920975
24.324324324324326,inf,-0.0,9.302393369984012,5.6943932535288635
24.424424424424426,inf,-0.0,9.287135000686217,5.684997284569913
24.524524524524526,inf,-0.0,9.271747661151606,5.67558415641336
24.624624624624627,inf,-0.0,9.256232893183352,5.666154104858281
24.724724724724727,inf,-0.0,9.240592251352881,5.656707366127681
24.824824824824827,inf,-0.0,9.22482730284412,5.647244176862581
24.924924924924927,inf,-0.0,9.208939627296454,5.637764774116089
25.025025025025027,inf,-0.0,9.192930816646454,5.628269395347459
25.125125125125127,inf,-0.0,9.17680247496836,5.618758278416147
25.225225225225227,inf,-0.0,9.16055621831336,5.609231661575847
25.325325325325327,inf,-0.0,9.14419367454766,5.599689783468529
25.425425425425427,inf,-0.0,9.127716483189367,5.590132883118458
25.525525525525527,inf,-0.0,9.111126295244222,5.580561199926205
25.625625625625627,inf,-0.0,9.09442477304016,5.570974973662652
25.725725725725727,inf,-0.0,9.077613590060746,5.561374444462986
25.825825825825827,inf,-0.0,9.060694430777504,5.551759852820683
25.925925925925927,inf,-0.0,9.043668990481118,5.542131439581483
26.026026026026027,inf,-0.0,9.026538975111576,5.532489445937355
26.126126126126128,inf,-0.0,9.00930610108723,5.522834113420462
26.226226226226228,inf,-0.0,8.99197209513282,5.513165683897102
26.326326326326328,inf,-0.0,8.974538694106442,5.503484399561658
26.426426426426428,inf,-0.0,8.957007644825532,5.49379050293052
26.526526526526528,inf,-0.0,8.939380703891828,5.484084236836022
26.626626626626628,inf,-0.0,8.921659637515358,5.474365844420349
26.726726726726728,inf,-0.0,8.903846221337467,5.464635569129456
26.826826826826828,inf,-0.0,8.885942240252906,5.454893654706957
26.926926926926928,inf,-0.0,8.867949488230977,5.445140345188034
27.027027027027028,inf,-0.0,8.849869768135784,5.43537588489331
27.127127127127128,inf,-0.0,8.831704891545586,5.4256005184227405
27.227227227227228,inf,-0.0,8.813456678571274,5.415814490649477
27.32732732732733,inf,-0.0,8.795126957674004,5.406018046713738
27.42742742742743,inf,-0.0,8.776717565481977,5.396211432016669
27.52752752752753,inf,-0.0,8.758230346606423,5.3863948922141915
27.62762762762763,inf,-0.0,8.739667153456756,5.37656867321085
27.72772772772773,inf,-0.0,8.721029846054973,5.3667330211536575
27.82782782782783,inf,-0.0,8.702320291849286,5.356888182425919
27.92792792792793,inf,-0.0,8.683540365526989,5.347034403641072
28.02802802802803,inf,-0.0,8.66469194882663,5.337171931636498
28.12812812812813,inf,-0.0,8.645776930349452,5.3273010134673475
28.22822822822823,inf,-0.0,8.626797205370167,5.317421896400344
28.32832832832833,inf,-0.0,8.607754675647037,5.307534827907595
28.42842842842843,inf,-0.0,8.58865124923133,5.297640055660393
28.52852852852853,inf,-0.0,8.569488840276126,5.287737827523008
28.62862862862863,inf,-0.0,8.550269368844527,5.277828391546482
28.72872872872873,inf,-0.0,8.530994760717263,5.26791199596241
28.82882882882883,inf,-0.0,8.511666947199734,5.257988889176729
28.92892892892893,inf,-0.0,8.492287864928487,5.24805931976349
29.02902902902903,inf,-0.0,8.472859455677174,5.238123536458633
29.12912912912913,inf,-0.0,8.453383666161985,5.228181788153757
29.22922922922923,inf,-0.0,8.43386244784658,5.218234323889882
29.32932932932933,inf,-0.0,8.414297756746572,5.208281392851218
29.42942942942943,inf,-0.0,8.394691553233514,5.198323244358911
29.52952952952953,inf,-0.0,8.375045801838484,5.18836012786481
29.62962962962963,inf,-0.0,8.355362471055235,5.17839229294521
29.72972972972973,inf,-0.0,8.335643533142958,5.168419989294603
29.82982982982983,inf,-0.0,8.315890963928656,5.158443466719422
29.929929929929934,inf,-0.0,8.29610674260917,5.148462975131787
30.030030030030034,inf,-0.0,8.27629285155287,5.138478764543239
30.130130130130134,inf,-0.0,8.256451276101012,5.12849108505848
30.230230230230234,inf,-0.0,8.236584004368817,5.11850018686911
30.330330330330334,inf,-0.0,8.216693027046256,5.108506320247356
30.430430430430434,inf,-0.0,8.196780337198593,5.098509735539805
30.530530530530534,inf,-0.0,8.17684793006667,5.0885106831611315
30.630630630630634,inf,-0.0,8.156897802866993,5.078509413587827
30.730730730730734,inf,-0.0,8.136931954591608,5.068506177351921
30.830830830830834,inf,-0.0,8.116952385807807,5.05850122503471
30.930930930930934,inf,-0.0,8.096961098457664,5.048494807260477
31.031031031031034,inf,-0.0,8.076960095657455,5.038487174690217
31.131131131131134,inf,-0.0,8.056951381496932,5.028478578015353
31.231231231231234,inf,-0.0,8.036936960838524,5.01846926795146
31.331331331331334,inf,-0.0,8.016918839116448,5.008459495231983
31.431431431431434,inf,-0.0,7.996899022135767,4.998449510601958
31.531531531531535,inf,-0.0,7.9768795158714045,4.988439564811728
31.631631631631635,inf,-0.0,7.956862326267152,4.9784299086106625
31.731731731731735,inf,-0.0,7.936849459034675,4.968420792740879
31.831831831831835,inf,-0.0,7.916842919452536,4.958412467930957
31.931931931931935,inf,-0.0,7.896844712165274,4.948405184889662
32.032032032032035,inf,-0.0,7.8768568409825335,4.938399194299663
32.132132132132135,inf,-0.0,7.856881308678288,4.928394746811251
32.232232232232235,inf,-0.0,7.8369201167901625,4.918392093036065
32.332332332332335,inf,-0.0,7.816975265418879,4.908391483540809
32.432432432432435,inf,-0.0,7.797048753027851,4.89839316884098
32.532532532532535,inf,-0.0,7.777142576242931,4.88839739939459
32.632632632632635,inf,-0.0,7.75725872965236,4.878404425595889
32.732732732732735,inf,-0.0,7.737399205606903,4.868414497769101
32.832832832832835,inf,-0.0,7.717565994020219,4.858427866162145
32.932932932932935,inf,-0.0,7.697761082169472,4.848444780940371
33.033033033033036,inf,-0.0,7.677986454496209,4.8384654921802905
33.133133133133136,inf,-0.0,7.65824409240752,4.828490249863315
33.233233233233236,inf,-0.0,7.638535974077497,4.818519303869493
33.333333333333336,inf,-0.0,7.618864074249029,4.808552903971249
33.433433433433436,inf,-0.0,7.599230364035928,4.798591299827125
33.533533533533536,inf,-0.0,7.57963681072543,4.788634740975535
33.633633633633636,inf,-0.0,7.560085377581068,4.778683476828505
33.733733733733736,inf,-0.0,7.540578023645958,4.768737756665427
33.833833833833836,inf,-0.0,7.521116703546505,4.75879782962682
33.933933933933936,inf,-0.0,7.501703367296543,4.7488639447080825
34.034034034034036,inf,-0.0,7.482339960101958,4.738936350753257
34.134134134134136,inf,-0.0,7.463028422165763,4.7290152964488
34.234234234234236,inf,-0.0,7.4437706884937045,4.719101030317347
34.334334334334336,inf,-0.0,7.424568688700369,4.709193800711492
34.434434434434436,inf,-0.0,7.405424346815838,4.699293855807562
34.53453453453454,inf,-0.0,7.386339581092902,4.689401443599402
34.63463463463464,inf,-0.0,7.367316303814851,4.679516811892164
34.73473473473474,inf,-0.0,7.348356421103869,4.669640208296098
34.83483483483484,inf,-0.0,7.329461832730034,4.659771880220348
34.93493493493494,inf,-0.0,7.310634431920968,4.6499120748667595
35.03503503503504,inf,-0.0,7.291876105172136,4.6400610392236805
35.13513513513514,inf,-0.0,7.27318873205782,4.630219020059778
35.23523523523524,inf,-0.0,7.254574185042783,4.620386263917857
35.33533533533534,inf,-0.0,7.236034329294654,4.610563017108683
35.43543543543544,inf,-0.0,7.217571022497037,4.6007495257048125
35.53553553553554,inf,-0.0,7.1991861146633696,4.590946035534429
35.63563563563564,inf,-0.0,7.180881447951561,4.581152792175186
35.73573573573574,inf,-0.0,7.162658856479396,4.571370040948052
35.83583583583584,inf,-0.0,7.1445201661407705,4.561598026911168
35.93593593593594,inf,-0.0,7.126467194422728,4.5518369948537085
36.03603603603604,inf,-0.0,7.108501750223352,4.5420871892897505
36.13613613613614,inf,-0.0,7.09062563367052,4.532348854452144
36.23623623623624,inf,-0.0,7.072840635941522,4.5226222342864
36.33633633633634,inf,-0.0,7.055148539083593,4.5129075724445755
36.43643643643644,inf,-0.0,7.037551115835351,4.50320511227917
36.53653653653654,inf,-0.0,7.020050129449167,4.493515096837034
36.63663663663664,inf,-0.0,7.002647333514495,4.483837768853274
36.73673673673674,inf,-0.0,6.985344471782151,4.474173370745176
36.83683683683684,inf,-0.0,6.968143277989604,4.464522144606134
36.93693693693694,inf,-0.0,6.951045475687247,4.454884332199583
37.03703703703704,inf,-0.0,6.934052778065701,4.445260174952944
37.13713713713714,inf,-0.0,6.9171668877841554,4.435649913951574
37.23723723723724,inf,-0.0,6.900389496799762,4.426053789932731
37.33733733733734,inf,-0.0,6.883722286198099,4.4164720432795415
37.43743743743744,inf,-0.0,6.86716692602473,4.4069049140149765
37.53753753753754,inf,-0.0,6.850725075117868,4.397352641795844
37.63763763763764,inf,-0.0,6.8343983809421545,4.387815465906778
37.73773773773774,inf,-0.0,6.818188479423592,4.378293625254255
37.83783783783784,inf,-0.0,6.802096994785619,4.368787358360598
37.93793793793794,inf,-0.0,6.786125539386367,4.359296903358011
38.03803803803804,inf,-0.0,6.770275713557102,4.349822497982609
38.13813813813814,inf,-0.0,6.754549105441872,4.340364379568461
38.23823823823824,inf,-0.0,6.738947290838377,4.33092278504165
38.33833833833834,inf,-0.0,6.7234718330400725,4.321497950914334
38.43843843843844,inf,-0.0,6.708124282679533,4.312090113278822
38.53853853853854,inf,-0.0,6.692906177573071,4.302699507801663
38.63863863863864,inf,-0.0,6.677819042566659,4.293326369717738
38.73873873873874,inf,-0.0,6.662864389383134,4.283970933824369
38.83883883883884,inf,-0.0,6.648043716470724,4.274633434475438
38.93893893893894,inf,-0.0,6.633358508852909,4.265314105575519
39.03903903903904,inf,-0.0,6.6188102379796145,4.256013180574011
39.13913913913914,inf,-0.0,6.604400361579781,4.246730892459299
39.23923923923924,inf,-0.0,6.590130323515298,4.237467473752911
39.33933933933934,inf,-0.0,6.576001553636326,4.228223156503698
39.43943943943944,inf,-0.0,6.562015467638028,4.218998172282017
39.53953953953954,inf,-0.0,6.548173466918723,4.209792752173933
39.63963963963964,inf,-0.0,6.534476938439459,4.200607126775431
39.73973973973974,inf,-0.0,6.520927254585045,4.191441526186635
39.83983983983984,inf,-0.0,6.507525773026536,4.182296180006049
39.93993993993994,inf,-0.0,6.494273836585199,4.173171317324805
40.04004004004004,inf,-0.0,6.481172773097957,4.16406716672092
40.14014014014014,inf,-0.0,6.468223895284346,4.154983956253575
40.24024024024024,inf,-0.0,6.455428500614981,4.145921913457398
40.34034034034034,inf,-0.0,6.442787871181543,4.13688126533677
40.44044044044044,inf,-0.0,6.430303273568325,4.12786223836013
40.54054054054054,inf,-0.0,6.41797595872531,4.118865058454312
40.64064064064064,inf,-0.0,6.405807161842837,4.109889950998876
40.74074074074074,inf,-0.0,6.3937981022278265,4.100937140820469
40.84084084084084,inf,-0.0,6.381949983181612,4.09200685218719
40.94094094094094,inf,-0.0,6.370263991879368,4.083099308802974
41.04104104104104,inf,-0.0,6.358741299251157,4.074214733801984
41.14114114114114,inf,-0.0,6.3473830598646,4.065353349743029
41.24124124124124,inf,-0.0,6.336190411809193,4.056515378603979
41.34134134134134,inf,-0.0,6.325164476582269,4.0477010417762145
41.44144144144144,inf,-0.0,6.314306358976625,4.038910560059074
41.54154154154154,inf,-0.0,6.30361714696982,4.030144153654324
41.64164164164164,inf,-0.0,6.293097911615167,4.021402042160646
41.74174174174174,inf,-0.0,6.282749706934408,4.012684444568131
41.84184184184184,inf,-0.0,6.2725735698121,4.003991579252798
41.94194194194194,inf,-0.0,6.262570519891728,3.9953236639711225
42.04204204204204,inf,-0.0,6.252741559473527,3.9866809158545786
42.14214214214214,inf,-0.0,6.243087673414063,3.9780635514042046
42.24224224224224,inf,-0.0,6.23360982902754,3.969471786485176
42.34234234234234,inf,-0.0,6.224308975988883,3.9609058363214005
42.44244244244244,inf,-0.0,6.21518604623858,3.9523659154901245
42.54254254254254,inf,-0.0,6.206241953889298,3.94385223791656
42.64264264264264,inf,-0.0,6.197477595134295,3.9353650168685244
42.74274274274275,inf,-0.0,6.188893848157616,3.9269044649510976
42.84284284284285,inf,-0.0,6.180491573046108,3.9184707941012995
42.94294294294295,inf,-0.0,6.17227161170323,3.9100642155827767
43.04304304304305,inf,-0.0,6.1642347877647,3.901684939980513
43.14314314314315,inf,-0.0,6.156381906515967,3.893333177195553
43.24324324324325,inf,-0.0,6.148713754811521,3.885009136439745
43.34334334334335,inf,-0.0,6.14123110099605,3.8767130262305
43.44344344344345,inf,-0.0,6.133934694827455,3.868445054385568
43.54354354354355,inf,-0.0,6.12682526740172,3.8602054280178315
43.64364364364365,inf,-0.0,6.11990353107966,3.85199435353012
43.74374374374375,inf,-0.0,6.113170179415543,3.8438120366100366
43.84384384384385,inf,-0.0,6.106625887087596,3.835658682224806
43.94394394394395,inf,-0.0,6.1002713098304,3.827534494616142
44.04404404404405,inf,-0.0,6.094107084369187,3.8194396772951293
44.14414414414415,inf,-0.0,6.088133828356044,3.811374433037127
44.24424424424425,inf,-0.0,6.082352140308021,3.803338963876687
44.34434434434435,inf,-0.0,6.076762599547158,3.795333471102495
44.44444444444445,inf,-0.0,6.071365766142443,3.7873581552523286
44.54454454454455,inf,-0.0,6.066162180853688,3.7794132161080305
44.64464464464465,inf,-0.0,6.06115236507735,3.771498852690508
44.74474474474475,inf,-0.0,6.0563368207942805,3.7636152632547457
44.84484484484485,inf,-0.0,6.051716030519437,3.755762645284838
44.94494494494495,inf,-0.0,6.047290457253526,3.7479411954890445
45.04504504504505,inf,-0.0,6.043060544436614,3.7401511097948603
45.14514514514515,inf,-0.0,6.039026715903699,3.732392583344111
45.24524524524525,inf,-0.0,6.035189375842236,3.7246658104880606
45.34534534534535,inf,-0.0,6.031548908751641,3.716970984782545
45.44544544544545,inf,-0.0,6.0281056794047645,3.709308298983124
45.54554554554555,inf,-0.0,6.024860032811341,3.7016779450402515
45.64564564564565,inf,-0.0,6.021812294183417,3.694080114094468
45.74574574574575,inf,-0.0,6.018962768902771,3.6865149964716117
45.84584584584585,inf,-0.0,6.016311742490306,3.6789827816780516
45.94594594594595,inf,-0.0,6.013859480577446,3.6714836583959407
46.04604604604605,inf,-0.0,6.011606228879524,3.664017814478487
46.14614614614615,inf,-0.0,6.009552213171148,3.656585436945252
46.24624624624625,inf,-0.0,6.00769763926359,3.649186711977462
46.34634634634635,inf,-0.0,6.006042692984163,3.6418218249133467
46.44644644644645,inf,-0.0,6.004587540157597,3.6344909602434945
46.54654654654655,inf,-0.0,6.003332326589423,3.6271943016062327
46.64664664664665,inf,-0.0,6.002277178051369,3.6199320317830264
46.74674674674675,inf,-0.0,6.001422200268752,3.612704332693901
46.84684684684685,inf,-0.0,6.000767478909887,3.605511385392882
46.94694694694695,inf,-0.0,6.000313079577503,3.598353370063465
47.04704704704705,inf,-0.0,6.00005904780217,3.5912304660140966
47.14714714714715,inf,-0.0,6.000005409037736,3.5841428516736857
47.24724724724725,inf,-0.0,6.000152168658775,3.577090704587133
47.34734734734735,inf,-0.0,6.000499311960053,3.5700742014108844
47.44744744744745,inf,-0.0,6.001046804157998,3.5630935179085044
47.54754754754755,inf,-0.0,6.001794590394182,3.5561488289462733
47.64764764764765,inf,-0.0,6.002742595740829,3.5492403084888084
47.74774774774775,inf,-0.0,6.00389072520831,3.5423681295947054
47.84784784784785,inf,-0.0,6.005238863754668,3.535532464412201
47.94794794794795,inf,-0.0,6.006786876297143,3.5287334841748645
48.04804804804805,inf,-0.0,6.008534607725711,3.5219713591973063
48.14814814814815,inf,-0.0,6.010481882918617,3.5152462588709117
48.24824824824825,inf,-0.0,6.012628506759932,3.5085583516595955
48.34834834834835,inf,-0.0,6.0149742641590995,3.5019078050955876
48.44844844844845,inf,-0.0,6.017518920072485,3.4952947857752306
48.54854854854855,inf,-0.0,6.02026221952693,3.488719459354809
48.64864864864865,inf,-0.0,6.023203887645301,3.4821819905464
48.74874874874875,inf,-0.0,6.026343629674031,3.475682543113746
48.84884884884885,inf,-0.0,6.029681131012651,3.4692212798681537
48.94894894894895,inf,-0.0,6.033216057245316,3.4627983626644143
49.04904904904905,inf,-0.0,6.036948054174316,3.456413952396751
49.14914914914915,inf,-0.0,6.040876747855558,3.4500682089947867
49.24924924924925,inf,-0.0,6.045001744636043,3.443761291419537
49.34934934934935,inf,-0.0,6.049322631193305,3.4374933576594326
49.44944944944945,inf,-0.0,6.053838974576828,3.431264564726356
49.54954954954955,inf,-0.0,6.058550322251428,3.4250750686517124
49.64964964964965,inf,-0.0,6.063456202142593,3.4189250244825207
49.74974974974975,inf,-0.0,6.068556122683789,3.4128145862775265
49.84984984984985,inf,-0.0,6.073849572865715,3.4067439071033467
49.94994994994995,inf,-0.0,6.079336022287499,3.400713139030633
50.050050050050054,inf,-0.0,6.085014921209852,3.3947224331302626
50.150150150150154,inf,-0.0,6.090885700610147,3.3887719394695557
50.250250250250254,inf,-0.0,6.096947772239437,3.3828618071085135
50.350350350350354,inf,-0.0,6.103200528681397,3.3769921840960873
50.450450450450454,inf,-0.0,6.109643343413182,3.371163217466467
50.550550550550554,inf,-0.0,6.116275570868211,3.3653750532354
50.650650650650654,inf,-0.0,6.123096546500853,3.3596278363965313
50.750750750750754,inf,-0.0,6.130105586853004,3.353921710917775
50.850850850850854,inf,-0.0,6.137301989622581,3.3482568197377036
50.950950950950954,inf,-0.0,6.144685033733886,3.342633304761971
51.051051051051054,inf,-0.0,6.152253979409858,3.337051306859755
51.151151151151154,inf,-0.0,6.160008068246199,3.3315109658602307
51.251251251251254,inf,-0.0,6.167946523287366,3.3260124205490667
51.351351351351354,inf,-0.0,6.176068549104421,3.320555808664948
51.451451451451454,inf,-0.0,6.184373331874733,3.315141266896127
51.551551551551555,inf,-0.0,6.192860039463522,3.3097689308769986
51.651651651651655,inf,-0.0,6.201527821507239,3.3044389351847023
51.751751751751755,inf,-0.0,6.210375809498771,3.299151413335752
51.851851851851855,inf,-0.0,6.219403116874466,3.2939064977826904
51.951951951951955,inf,-0.0,6.228608839102967,3.288704319910772
52.052052052052055,inf,-0.0,6.237992053775843,3.283545010034671
52.152152152152155,inf,-0.0,6.247551820700014,3.278428697395218
52.252252252252255,inf,-0.0,6.257287181991964,3.2733555101561604
52.352352352352355,inf,-0.0,6.26719716217371,3.2683255754009544
52.452452452452455,inf,-0.0,6.277280768270554,3.263339019129581
52.552552552552555,inf,-0.0,6.2875369899105715,3.258395966255388
52.652652652652655,inf,-0.0,6.297964799425854,3.253496540601963
52.752752752752755,inf,-0.0,6.308563151955481,3.24864086490003
52.852852852852855,inf,-0.0,6.319330985550212,3.243829060784376
52.952952952952955,inf,-0.0,6.330267221278896,3.2390612487908044
53.053053053053056,inf,-0.0,6.341370763336577,3.2343375483531136
53.153153153153156,inf,-0.0,6.352640499154296,3.2296580778001083
53.253253253253256,inf,-0.0,6.364075299510567,3.2250229543526316
53.353353353353356,inf,-0.0,6.375674018644527,3.220432294120632
53.453453453453456,inf,-0.0,6.387435494370739,3.215886212100253
53.553553553553556,inf,-0.0,6.399358548195642,3.2113848221709533
53.653653653653656,inf,-0.0,6.411441985435637,3.2069282370926526
53.753753753753756,inf,-0.0,6.423684595336793,3.2025165685029093
53.853853853853856,inf,-0.0,6.4360851511961625,3.198149926914122
53.953953953953956,inf,-0.0,6.448642410484699,3.1938284217107618
54.054054054054056,inf,-0.0,6.461355114971756,3.189552161146633
54.154154154154156,inf,-0.0,6.474221990851161,3.18532125234216
54.254254254254256,inf,-0.0,6.4872417488688505,3.1811358012817053
54.354354354354356,inf,-0.0,6.500413084452055,3.176995912810913
54.454454454454456,inf,-0.0,6.513734677840011,3.1729016906340837
54.55455455455456,inf,-0.0,6.527205194216204,3.168853237311576
54.65465465465466,inf,-0.0,6.54082328384212,3.164850654257239
54.75475475475476,inf,-0.0,6.554587582192479,3.160894041735869
54.85485485485486,inf,-0.0,6.568496710091969,3.1569834988606997
54.95495495495496,inf,-0.0,6.582549273853433,3.153119123590919
55.05505505505506,inf,-0.0,6.596743865417517,3.1493010127292163
55.15515515515516,inf,-0.0,6.611079062493761,3.145529261919356
55.25525525525526,inf,-0.0,6.625553428703103,3.1418039656437804
55.35535535535536,inf,-0.0,6.640165513721813,3.1381252172212477
55.45545545545546,inf,-0.0,6.654913853426807,3.134493108804489
55.55555555555556,inf,-0.0,6.6697969700423565,3.130907731377903
55.65565565565566,inf,-0.0,6.684813372288157,3.1273691747552768
55.75575575575576,inf,-0.0,6.699961555528756,3.123877527577533
55.85585585585586,inf,-0.0,6.715240001924318,3.120432877310515
55.95595595595596,inf,-0.0,6.730647180582707,3.117035310242789
56.05605605605606,inf,-0.0,6.746181547712884,3.113684911483488
56.15615615615616,inf,-0.0,6.761841546779592,3.1103817649601773
56.25625625625626,inf,-0.0,6.777625608659323,3.1071259534167526
56.35635635635636,inf,-0.0,6.793532151797542,3.103917558411368
56.45645645645646,inf,-0.0,6.809559582367156,3.1007566603143903
56.55655655655656,inf,-0.0,6.825706294428217,3.0976433383063897
56.65665665665666,inf,-0.0,6.841970670088837,3.094577670376154
56.75675675675676,inf,-0.0,6.858351079667295,3.091559733318734
56.85685685685686,inf,-0.0,6.874845881855336,3.088589602733522
56.95695695695696,inf,-0.0,6.891453423882627,3.085667353022357
57.05705705705706,inf,-0.0,6.908172041682363,3.0827930573876605
57.15715715715716,inf,-0.0,6.9250000600580055,3.0799667878306045
57.25725725725726,inf,-0.0,6.9419357928511385,3.0771886151493053
57.35735735735736,inf,-0.0,6.958977543110418,3.074458608937052
57.45745745745746,inf,-0.0,6.976123603261607,3.0717768375805625
57.55755755755756,inf,-0.0,6.993372255278673,3.0691433682582705
57.65765765765766,inf,-0.0,7.010721770855934,3.0665582669386424
57.75775775775776,inf,-0.0,7.028170411581233,3.0640215983785257
57.85785785785786,inf,-0.0,7.0457164291101275,3.0615334261215255
57.95795795795796,inf,-0.0,7.0633580653410695,3.059093812496413
58.05805805805806,inf,-0.0,7.08109355259157,3.056702818615566
58.15815815815816,inf,-0.0,7.098921113775317,3.054360504373435
58.25825825825826,inf,-0.0,7.116838962580241,3.0520669284450457
58.35835835835836,inf,-0.0,7.1348453036474995,3.0498221482845276
58.45845845845846,inf,-0.0,7.152938332751375,3.047626220123674
58.55855855855856,inf,-0.0,7.171116236980053,3.0454791989705363
58.65865865865866,inf,-0.0,7.189377194917279,3.0433811386080434
58.75875875875876,inf,-0.0,7.20771937682486,3.041332091592654
58.85885885885886,inf,-0.0,7.226140944826007,3.0393321092530443
58.95895895895896,inf,-0.0,7.244640053089482,3.0373812416888164
59.05905905905906,inf,-0.0,7.2632148480145595,3.0354795377692474
59.15915915915916,inf,-0.0,7.281863468416749,3.0336270451320644
59.25925925925926,inf,-0.0,7.300584045714287,3.0318238101822494
59.35935935935936,inf,-0.0,7.319374704115368,3.03006987809088
59.45945945945946,inf,-0.0,7.338233560806096,3.0283652927939944
59.55955955955956,inf,-0.0,7.3571587261391445,3.0267100969914926
59.65965965965966,inf,-0.0,7.376148303823096,3.0251043321460687
59.75975975975976,inf,-0.0,7.395200391112451,3.0235480384821676
59.85985985985987,inf,-0.0,7.414313078998281,3.0220412549849813
59.95995995995997,inf,-0.0,7.433484452399506,3.0205840193994713
60.06006006006007,inf,-0.0,7.452712590354794,3.019176368229422
60.16016016016017,inf,-0.0,7.4719955662150355,3.0178183367365263
60.26026026026027,inf,-0.0,7.491331447836387,3.0165099589395057
60.36036036036037,inf,-0.0,7.510718297773881,3.0152512676132526
60.46046046046047,inf,-0.0,7.53015417347555,3.014042294288014
60.56056056056057,inf,-0.0,7.549637127477071,3.0128830692485993
60.66066066066067,inf,-0.0,7.569165207596903,3.0117736215336217
60.76076076076077,inf,-0.0,7.58873645713189,3.0107139789347723
60.86086086086087,inf,-0.0,7.6083489150533214,3.009704167996122
60.96096096096097,inf,-0.0,7.628000616203434,3.0087442140134586
61.06106106106107,inf,-0.0,7.647689591492311,3.0078341410336504
61.16116116116117,inf,-0.0,7.667413868095186,3.0069739718540465
61.26126126126127,inf,-0.0,7.687171469650121,3.0061637280219045
61.36136136136137,inf,-0.0,7.7069604164560355,3.005403429833851
61.46146146146147,inf,-0.0,7.726778725671073,3.004693096335373
61.56156156156157,inf,-0.0,7.746624411511277,3.00403274532034
61.66166166166167,inf,-0.0,7.766495485449569,3.0034223933305615
61.76176176176177,inf,-0.0,7.7863899564149985,3.002862055655368
61.86186186186187,inf,-0.0,7.806305830992241,3.0023517463312306
61.96196196196197,inf,-0.0,7.826241113621346,3.0018914781414106
62.06206206206207,inf,-0.0,7.846193806797683,3.001481262615635
62.16216216216217,inf,-0.0,7.866161911272099,3.001121110029814
62.26226226226227,inf,-0.0,7.88614342625123,3.0008110294057766
62.36236236236237,inf,-0.0,7.906136349597993,3.00055102851105
62.46246246246247,inf,-0.0,7.92613867803219,3.0003411138586626
62.56256256256257,inf,-0.0,7.946148407331239,3.0001812907069816
62.66266266266267,inf,-0.0,7.966163532530994,3.00007156305958
62.76276276276277,inf,-0.0,7.986182048126644,3.000011933665138
62.86286286286287,inf,-0.0,8.006201948273661,3.0000024040173736
62.96296296296297,inf,-0.0,8.026221226988788,3.0000429743550043
63.06306306306307,inf,-0.0,8.04623787835103,3.0001336436617425
63.16316316316317,inf,-0.0,8.06624989670266,3.0002744096663196
63.26326326326327,inf,-0.0,8.086255276850167,3.0004652688425444
63.36336336336337,inf,-0.0,8.106252014265191,3.00070621640939
63.46346346346347,inf,-0.0,8.126238105285365,3.0009972463311145
63.56356356356357,inf,-0.0,8.146211547315087,3.0013383513174117
63.66366366366367,inf,-0.0,8.166170339026177,3.0017295228235934
63.76376376376377,inf,-0.0,8.186112480558409,3.0021707510508056
63.86386386386387,inf,-0.0,8.206035973719896,3.00266202494627
63.96396396396397,inf,-0.0,8.225938822187308,3.0032033322035647
64.06406406406407,inf,-0.0,8.245819031705901,3.0037946592629305
64.16416416416416,inf,-0.0,8.265674610289341,3.0044359913116114
64.26426426426427,inf,-0.0,8.285503568419308,3.005127312284225
64.36436436436436,inf,-0.0,8.305303919244823,3.0058686048631644
64.46446446446447,inf,-0.0,8.32507367878136,3.0066598504790343
64.56456456456456,inf,-0.0,8.344810866109606,3.007501029311114
64.66466466466467,inf,-0.0,8.364513503573983,3.008392120287854
64.76476476476476,inf,-0.0,8.384179616980779,3.009333101087405
64.86486486486487,inf,-0.0,8.40380723579598,3.0103239481381774
64.96496496496496,inf,-0.0,8.4233943933427,3.0113646366194295
65.06506506506507,inf,-0.0,8.442939126998269,3.0124551404618907
65.16516516516516,inf,-0.0,8.462439478390841,3.0135954323484153
65.26526526526527,inf,-0.0,8.481893493595678,3.0147854837146655
65.36536536536536,inf,-0.0,8.501299223330877,3.0160252647498274
65.46546546546547,inf,-0.0,8.520654723152735,3.017314744397358
65.56556556556556,inf,-0.0,8.53995805365054,3.018653890355762
65.66566566566567,inf,-0.0,8.55920728064094,3.0200426690794036
65.76576576576576,inf,-0.0,8.578400475361702,3.021481045779343
65.86586586586587,inf,-0.0,8.597535714665018,3.022968984424212
65.96596596596596,inf,-0.0,8.61661108121016,3.024506447741113
66.06606606606607,inf,-0.0,8.635624663655639,3.026093397216556
66.16616616616616,inf,-0.0,8.654574556850685,3.0277297930974187
66.26626626626627,inf,-0.0,8.673458862026168,3.029415594391948
66.36636636636636,inf,-0.0,8.69227568698483,3.0311507588707824
66.46646646646647,inf,-0.0,8.711023146290906,3.032935243068013
66.56656656656656,inf,-0.0,8.729699361459023,3.0347690022822698
66.66666666666667,inf,-0.0,8.748302461142442,3.036651990577842
66.76676676676676,inf,-0.0,8.766830581320544,3.03858416078583
66.86686686686687,inf,-0.0,8.785281865485631,3.040565464505327
66.96696696696696,inf,-0.0,8.803654464828918,3.042595852104628
67.06706706706707,inf,-0.0,8.82194653842581,3.044675272722479
67.16716716716716,inf,-0.0,8.840156253420332,3.046803674269345
67.26726726726727,inf,-0.0,8.85828178520882,3.048981003428719
67.36736736736736,inf,-0.0,8.876321317622697,3.051207205658456
67.46746746746747,inf,-0.0,8.8942730431105,3.0534822251921394
67.56756756756756,inf,-0.0,8.912135162918952,3.055806005040477
67.66766766766767,inf,-0.0,8.929905887273234,3.058178486992732
67.76776776776777,inf,-0.0,8.947583435556291,3.0605996116181773
67.86786786786787,inf,-0.0,8.965166036487272,3.063069318267585
67.96796796796797,inf,-0.0,8.982651928298985,3.065587545074748
68.06806806806807,inf,-0.0,9.000039358914453,3.0681542289580266
68.16816816816817,inf,-0.0,9.017326586122447,3.0707693056219307
68.26826826826827,inf,-0.0,9.03451187775208,3.073432709558732
68.36836836836838,inf,-0.0,9.051593511846338,3.076144374050099
68.46846846846847,inf,-0.0,9.06856977683465,3.0789042311687758
68.56856856856858,inf,-0.0,9.085438971704367,3.081712211780278
68.66866866866867,inf,-0.0,9.10219940617121,3.0845682455446273
68.76876876876878,inf,-0.0,9.11884940084863,3.087472260918113
68.86886886886887,inf,-0.0,9.135387287416094,3.0904241851550838
68.96896896896898,inf,-0.0,9.151811408786237,3.0934239443097695
69.06906906906907,inf,-0.0,9.1681201192709,3.0964714632381356
69.16916916916918,inf,-0.0,9.184311784746045,3.099566665599763
69.26926926926927,inf,-0.0,9.20038478281547,3.1027094738597625
69.36936936936938,inf,-0.0,9.21633750297339,3.1058998092907153
69.46946946946947,inf,-0.0,9.232168346765798,3.109137591974646
69.56956956956958,inf,-0.0,9.247875727950639,3.112422740805024
69.66966966966967,inf,-0.0,9.26345807265674,3.1157551734887967
69.76976976976978,inf,-0.0,9.278913819541515,3.1191348065484497
69.86986986986987,inf,-0.0,9.294241419947419,3.122561555324097
69.96996996996998,inf,-0.0,9.309439338057109,3.1260353339756044
70.07007007007007,inf,-0.0,9.32450605104734,3.129556055484737
70.17017017017018,inf,-0.0,9.339440049241553,3.1331236316573405
70.27027027027027,inf,-0.0,9.354239836261135,3.136737973125551
70.37037037037038,inf,-0.0,9.368903929175364,3.1403989893500315
70.47047047047047,inf,-0.0,9.383430858649994,3.1441065886222432
70.57057057057058,inf,-0.0,9.397819169094483,3.1478606780667384
70.67067067067067,inf,-0.0,9.412067418807839,3.151661163643492
70.77077077077078,inf,-0.0,9.426174180123082,3.1555079501502528
70.87087087087087,inf,-0.0,9.440138039550295,3.159400941224932
70.97097097097098,inf,-0.0,9.453957597918249,3.1633400393480136
71.07107107107107,inf,-0.0,9.467631470514608,3.167325145845
71.17117117117118,inf,-0.0,9.48115828722467,3.171356160888883
71.27127127127127,inf,-0.0,9.494536692668657,3.1754329835026427
71.37137137137138,inf,-0.0,9.507765346337516,3.1795555115617806
71.47147147147147,inf,-0.0,9.520842922727242,3.183723641796875
71.57157157157158,inf,-0.0,9.533768111471698,3.1879372697961674
71.67167167167167,inf,-0.0,9.5465396174739,3.192196290008181
71.77177177177178,inf,-0.0,9.559156161035798,3.1965005957443626
71.87187187187187,inf,-0.0,9.57161647798649,3.2008500791817545
71.97197197197198,inf,-0.0,9.583919319808901,3.205244631365698
72.07207207207207,inf,-0.0,9.596063453764879,3.209684142212561
72.17217217217218,inf,-0.0,9.608047663018715,3.2141685005124945
72.27227227227228,inf,-0.0,9.619870746759064,3.2186975939322213
72.37237237237238,inf,-0.0,9.63153152031928,3.2232713090178486
72.47247247247248,inf,-0.0,9.643028815296105,3.2278895311977083
72.57257257257258,inf,-0.0,9.654361479666747,3.23255214478523
72.67267267267268,inf,-0.0,9.665528377904312,3.2372590329818363
72.77277277277278,inf,-0.0,9.676528391091589,3.242010077879871
72.87287287287288,inf,-0.0,9.687360417033151,3.2468051604655512
72.97297297297298,inf,-0.0,9.698023370365812,3.2516441606219484
73.07307307307308,inf,-0.0,9.708516182667363,3.2565269571319986
73.17317317317318,inf,-0.0,9.718837802563641,3.261453427681538
73.27327327327328,inf,-0.0,9.728987195833865,3.2664234488623665
73.37337337337338,inf,-0.0,9.738963345514273,3.2714368961753406
73.47347347347348,inf,-0.0,9.74876525200002,3.27649364403349
73.57357357357358,inf,-0.0,9.758391933145328,3.2815935657651663
73.67367367367368,inf,-0.0,9.767842424361909,3.286736533617214
73.77377377377378,inf,-0.0,9.777115778715615,3.29192241875817
73.87387387387388,inf,-0.0,9.786211067021311,3.2971510912814943
73.97397397397398,inf,-0.0,9.795127377935986,3.3024224202088206
74.07407407407408,inf,-0.0,9.803863818050067,3.307736273493239
74.17417417417418,inf,-0.0,9.81241951197694,3.3130925180226027
74.27427427427428,inf,-0.0,9.820793602440663,3.318491019622866
74.37437437437438,inf,-0.0,9.82898525036186,3.3239316430614387
74.47447447447448,inf,-0.0,9.836993634941807,3.329414252050581
74.57457457457458,inf,-0.0,9.84481795374466,3.334938709250812
74.67467467467468,inf,-0.0,9.852457422777869,3.3405048762743528
74.77477477477478,inf,-0.0,9.859911276570736,3.346112613688593
74.87487487487488,inf,-0.0,9.867178768251112,3.351761781019582
74.97497497497498,inf,-0.0,9.87425916962022,3.3574522367555493
75.07507507507508,inf,-0.0,9.881151771225648,3.363183838350449
75.17517517517518,inf,-0.0,9.887855882432406,3.368956442227531
75.27527527527528,inf,-0.0,9.894370831492148,3.3747699037829353
75.37537537537538,inf,-0.0,9.900695965610472,3.380624077389318
75.47547547547548,inf,-0.0,9.906830651012331,3.3865188163994975
75.57557557557558,inf,-0.0,9.91277427300554,3.3924539731501264
75.67567567567568,inf,-0.0,9.918526236042359,3.3984293989653924
75.77577577577578,inf,-0.0,9.924085963779177,3.4044449441607427
75.87587587587588,inf,-0.0,9.92945289913426,3.4105004580466334
75.97597597597598,inf,-0.0,9.934626504343559,3.4165957889323035
76.07607607607608,inf,-0.0,9.939606261014607,3.422730784129575
76.17617617617618,inf,-0.0,9.94439167017846,3.4289052899566785
76.27627627627628,inf,-0.0,9.94898225233968,3.435119151742102
76.37637637637638,inf,-0.0,9.953377547524402,3.4413722138284655
76.47647647647648,inf,-0.0,9.957577115326403,3.4476643195764227
76.57657657657658,inf,-0.0,9.961580534951242,3.4539953113685797
76.67667667667668,inf,-0.0,9.965387405258419,3.460365030613448
76.77677677677679,inf,-0.0,9.96899734480157,3.4667733177494156
76.87687687687688,inf,-0.0,9.972409991866689,3.4732200122487433
76.97697697697699,inf,-0.0,9.975625004508371,3.479704952621587
77.07707707707708,inf,-0.0,9.978642060584074,3.4862279764200426
77.17717717717719,inf,-0.0,9.981460857786395,3.492788920242215
77.27727727727728,inf,-0.0,9.98408111367337,3.499387619736311
77.37737737737739,inf,-0.0,9.986502565696759,3.5060239096047594
77.47747747747748,inf,-0.0,9.98872497122837,3.5126976236083465
77.57757757757759,inf,-0.0,9.990748107584363,3.5194085945703844
77.67767767767768,inf,-0.0,9.992571772047555,3.5261566543808978
77.77777777777779,inf,-0.0,9.99419578188775,3.532941634000834
77.87787787787788,inf,-0.0,9.99561997438003,3.5397633634662995
77.97797797797799,inf,-0.0,9.996844206821072,3.546621671892815
78.07807807807808,inf,-0.0,9.99786835654344,3.5535163874795987
78.17817817817819,inf,-0.0,9.998692320927885,3.560447337513867
78.27827827827828,inf,-0.0,9.999316017413614,3.5674143483751637
78.37837837837839,inf,-0.0,9.999739383506576,3.5744172455397085
78.47847847847848,inf,-0.0,9.999962376785712,3.5814558535847665
78.57857857857859,inf,-0.0,9.99998497490722,3.588529996193047
78.67867867867868,inf,-0.0,9.999807175606776,3.5956394961571156
78.77877877877879,inf,-0.0,9.999428996699775,3.6027841753838357
78.87887887887888,inf,-0.0,9.998850476079545,3.6099638548988304
78.97897897897899,inf,-0.0,9.998071671713536,3.6171783548509637
79.07907907907908,inf,-0.0,9.997092661637533,3.624427494516847
79.17917917917919,inf,-0.0,9.995913543947816,3.631711092305367
79.27927927927928,inf,-0.0,9.99453443679135,3.6390289657622326
79.37937937937939,inf,-0.0,9.992955478353927,3.646380931574547
79.47947947947948,inf,-0.0,9.99117682684634,3.6537668055753985
79.57957957957959,inf,-0.0,9.989198660488515,3.6611864027484757
79.67967967967968,inf,-0.0,9.98702117749166,3.6686395372326994
79.77977977977979,inf,-0.0,9.984644596038404,3.676126022326881
79.87987987987988,inf,-0.0,9.982069154260934,3.683645670494398
79.97997997997999,inf,-0.0,9.979295110217134,3.6911982933678926
80.08008008008008,inf,-0.0,9.97632274186473,3.6987837017539897
80.18018018018019,inf,-0.0,9.973152347033437,3.706401705638036
80.28028028028028,inf,-0.0,9.969784243395118,3.7140521141888603
80.38038038038039,inf,-0.0,9.966218768431949,3.721734735763554
80.48048048048048,inf,-0.0,9.96245627940261,3.729449377912272
80.58058058058059,inf,-0.0,9.958497153306487,3.737195847383051
80.68068068068068,inf,-0.0,9.95434178684589,3.7449739501266555
80.78078078078079,inf,-0.0,9.949990596386307,3.752783491301434
80.88088088088088,inf,-0.0,9.945444017914692,3.760624275278202
80.98098098098099,inf,-0.0,9.940702506995768,3.7684961056451423
81.08108108108108,inf,-0.0,9.935766538726387,3.7763987852127237
81.18118118118119,inf,-0.0,9.930636607687923,3.7843321160186436
81.28128128128128,inf,-0.0,9.925313227896714,3.7922958993327835
81.38138138138139,inf,-0.0,9.919796932752561,3.8002899356621915
81.48148148148148,inf,-0.0,9.914088274985279,3.8083140247560734
81.58158158158159,inf,-0.0,9.908187826599313,3.8163679656108154
81.68168168168168,inf,-0.0,9.902096178816432,3.8244515564750152
81.78178178178179,inf,-0.0,9.895813942016472,3.832564594854537
81.88188188188188,inf,-0.0,9.889341745676195,3.8407068775175848
81.98198198198199,inf,-0.0,9.8826802383062,3.8488782004997915
82.08208208208208,inf,-0.0,9.875830087385955,3.8570783591093303
82.18218218218219,inf,-0.0,9.86879197929691,3.8653071479320418
82.28228228228228,inf,-0.0,9.861566619253718,3.8735643608365775
82.38238238238239,inf,-0.0,9.854154731233585,3.8818497909795653
82.48248248248248,inf,-0.0,9.846557057903711,3.8901632308107925
82.58258258258259,inf,-0.0,9.838774360546891,3.898504472078401
82.68268268268268,inf,-0.0,9.830807418985229,3.9068733058341065
82.78278278278279,inf,-0.0,9.822657031501993,3.9152695224384333
82.88288288288288,inf,-0.0,9.81432401476164,3.923692911565963
82.98298298298299,inf,-0.0,9.80580920372798,3.9321432622106065
83.08308308308308,inf,-0.0,9.79711345158051,3.9406203626908876
83.18318318318319,inf,-0.0,9.788237629628933,3.949124000655245
83.28328328328328,inf,-0.0,9.779182627225847,3.9576539630873553
83.38338338338339,inf,-0.0,9.76994935167764,3.9662100363114634
83.48348348348348,inf,-0.0,9.760538728153568,3.9747920059977404
83.58358358358359,inf,-0.0,9.750951699593063,3.9833996571676504
83.68368368368368,inf,-0.0,9.741189226611244,3.992032774199335
83.78378378378379,inf,-0.0,9.731252287402668,4.000691140833015
83.88388388388388,inf,-0.0,9.721141877643317,4.0093745401764105
83.98398398398399,inf,-0.0,9.710859010390827,4.018082754710168
84.08408408408408,inf,-0.0,9.70040471598298,4.026815566293315
84.18418418418419,inf,-0.0,9.689780041934469,4.035572756168724
84.28428428428428,inf,-0.0,9.67898605283194,4.044354104968587
84.38438438438439,inf,-0.0,9.668023830227309,4.053159392719917
84.48448448448448,inf,-0.0,9.656894472529403,4.061988398850055
84.58458458458459,inf,-0.0,9.645599094893894,4.070840902192195
84.68468468468468,inf,-0.0,9.634138829111567,4.079716680990929
84.78478478478479,inf,-0.0,9.622514823494905,4.088615512907793
84.88488488488488,inf,-0.0,9.610728242763038,4.0975371750268454
84.98498498498499,inf,-0.0,9.598780267925033,4.106481443860247
85.08508508508508,inf,-0.0,9.586672096161562,4.115448095353859
85.18518518518519,inf,-0.0,9.574404940704945,4.124436904892857
85.28528528528528,inf,-0.0,9.561980030717576,4.133447647307357
85.38538538538539,inf,-0.0,9.549398611168776,4.1424800968780575
85.4854854854855,inf,-0.0,9.536661942710033,4.15153402734189
85.58558558558559,inf,-0.0,9.523771301548704,4.160609211897687
85.6856856856857,inf,-0.0,9.51072797932011,4.169705423211874
85.78578578578579,inf,-0.0,9.497533282958155,4.178822433424143
85.8858858858859,inf,-0.0,9.484188534564327,4.187960014153187
85.98598598598599,inf,-0.0,9.470695071275268,4.197117936502395
86.0860860860861,inf,-0.0,9.457054245128754,4.206295971065609
86.18618618618619,inf,-0.0,9.443267422928262,4.215493887932848
86.2862862862863,inf,-0.0,9.429335986105968,4.224711456696089
86.38638638638639,inf,-0.0,9.415261330584386,4.23394844645502
86.4864864864865,inf,-0.0,9.40104486663644,4.243204625822843
86.58658658658659,inf,-0.0,9.3866880187442,4.2524797629320465
86.6866866866867,inf,-0.0,9.37219222545612,4.261773625440242
86.78678678678679,inf,-0.0,9.357558939242923,4.271085980535953
86.8868868868869,inf,-0.0,9.342789626352028,4.28041659494448
86.98698698698699,inf,-0.0,9.327885766660678,4.289765234933713
87.0870870870871,inf,-0.0,9.31284885352761,4.299131666320014
87.18718718718719,inf,-0.0,9.29768039364347,4.308515654474055
87.2872872872873,inf,-0.0,9.282381906879788,4.317916964326726
87.38738738738739,inf,-0.0,9.266954926136748,4.327335360374995
87.4874874874875,inf,-0.0,9.251400997189537,4.336770606687831
87.58758758758759,inf,-0.0,9.235721678533503,4.346222466912094
87.6876876876877,inf,-0.0,9.219918541227958,4.355690704278475
87.78778778778779,inf,-0.0,9.203993168738794,4.365175081607406
87.8878878878879,inf,-0.0,9.187947156779785,4.374675361315026
87.98798798798799,inf,-0.0,9.171782113152736,4.384191305419103
88.0880880880881,inf,-0.0,9.155499657586335,4.393722675545028
88.18818818818819,inf,-0.0,9.139101421573912,4.4032692329317555
88.2882882882883,inf,-0.0,9.12258904820991,4.412830738437812
88.38838838838839,inf,-0.0,9.105964192025295,4.4224069525472585
88.4884884884885,inf,-0.0,9.08922851882173,4.431997635375721
88.58858858858859,inf,-0.0,9.07238370550471,4.44160254667637
88.6886886886887,inf,-0.0,9.05543143991548,4.451221445845962
88.78878878878879,inf,-0.0,9.038373420661975,4.460854091930851
88.8888888888889,inf,-0.0,9.021211356948562,4.470500243633036
88.988988988989,inf,-0.0,9.003946968404838,4.480159659316191
89.0890890890891,inf,-0.0,8.986581984913261,4.489832097011742
89.1891891891892,inf,-0.0,8.969118146435878,4.499517314424893
89.2892892892893,inf,-0.0,8.951557202839927,4.509215068940738
89.3893893893894,inf,-0.0,8.93390091372255,4.518925117630295
89.4894894894895,inf,-0.0,8.916151048234436,4.5286472172566326
89.5895895895896,inf,-0.0,8.898309384902603,4.5383811242809236
89.6896896896897,inf,-0.0,8.880377711452134,4.5481265948685845
89.7897897897898,inf,-0.0,8.862357824627104,4.557883384895346
89.8898898898899,inf,-0.0,8.8442515300105,4.567651249953403
89.98998998999,inf,-0.0,8.826060641843341,4.577429945357507
90.0900900900901,inf,-0.0,8.807786982842858,4.587219226151121
90.1901901901902,inf,-0.0,8.789432384019893,4.5970188471125315
90.2902902902903,inf,-0.0,8.770998684495392,4.606828562761016
90.3903903903904,inf,-0.0,8.752487731316178,4.616648127362967
90.4904904904905,inf,-0.0,8.733901379269817,4.626477294938075
90.5905905905906,inf,-0.0,8.71524149069883,4.6363158192654605
90.6906906906907,inf,-0.0,8.696509935314031,4.646163453889872
90.7907907907908,inf,-0.0,8.67770859000724,4.6560199521278305
90.8908908908909,inf,-0.0,8.65883933866316,4.6658850670738365
90.990990990991,inf,-0.0,8.639904071970669,4.675758551606529
91.0910910910911,inf,-0.0,8.620904687233322,4.685640158394904
91.1911911911912,inf,-0.0,8.601843088179296,4.695529639904477
91.2912912912913,inf,-0.0,8.582721184770577,4.705426748403518
91.3913913913914,inf,-0.0,8.563540893011648,4.715331235969226
91.4914914914915,inf,-0.0,8.544304134757445,4.72524285449397
91.5915915915916,inf,-0.0,8.525012837520839,4.735161355691472
91.6916916916917,inf,-0.0,8.505668934279457,4.7450864911030575
91.7917917917918,inf,-0.0,8.486274363282044,4.755018012103852
91.8918918918919,inf,-0.0,8.466831067854198,4.764955669909034
91.991991991992,inf,-0.0,8.447340996203707,4.774899215580042
92.0920920920921,inf,-0.0,8.427806101225286,4.784848400030838
92.1921921921922,inf,-0.0,8.40822834030495,4.794802974034116
92.2922922922923,inf,-0.0,8.388609675123831,4.804762688227579
92.3923923923924,inf,-0.0,8.36895207146167,4.814727293120151
92.4924924924925,inf,-0.0,8.349257498999801,4.824696539098259
92.5925925925926,inf,-0.0,8.329527931123836,4.834670176432058
92.6926926926927,inf,-0.0,8.309765344725882,4.844647955281712
92.7927927927928,inf,-0.0,8.289971720006513,4.854629625703625
92.8928928928929,inf,-0.0,8.270149040276294,4.864614937656734
92.992992992993,inf,-0.0,8.25029929175712,4.874603641008738
93.0930930930931,inf,-0.0,8.230424463383134,4.884595485542399
93.1931931931932,inf,-0.0,8.210526546601495,4.894590220961776
93.2932932932933,inf,-0.0,8.190607535172777,4.9045875968985255
93.3933933933934,inf,-0.0,8.17066942497126,4.914587362918145
93.4934934934935,inf,-0.0,8.150714213784878,4.924589268526276
93.5935935935936,inf,-0.0,8.130743901115109,4.934593063174946
93.6936936936937,inf,-0.0,8.110760487976552,4.944598496268879
93.7937937937938,inf,-0.0,8.090765976696506,4.95460531717174
93.8938938938939,inf,-0.0,8.070762370714263,4.964613275212446
93.993993993994,inf,-0.0,8.050751674380429,4.974622119691411
94.0940940940941,inf,-0.0,8.03073589275603,4.9846315998868596
94.1941941941942,inf,-0.0,8.01071703141167,4.994641465061078
94.2942942942943,inf,-0.0,7.990697096226501,5.004651464466723
94.3943943943944,inf,-0.0,7.970678093187309,5.014661347353073
94.4944944944945,inf,-0.0,7.950662028187447,5.024670862972341
94.5945945945946,inf,-0.0,7.93065090682591,5.0346797605859255
94.6946946946947,inf,-0.0,7.9106467342063125,5.04468778947072
94.7947947947948,inf,-0.0,7.890651514736036,5.054694698925364
94.8948948948949,inf,-0.0,7.870667251925336,5.064700238276558
94.994994994995,inf,-0.0,7.850695948186642,5.074704156885303
95.0950950950951,inf,-0.0,7.830739604633865,5.084706204153218
95.1951951951952,inf,-0.0,7.810800220881942,5.094706129528783
95.2952952952953,inf,-0.0,7.790879794846417,5.104703682513647
95.3953953953954,inf,-0.0,7.770980322543309,5.114698612668873
95.4954954954955,inf,-0.0,7.751103797889059,5.124690669621239
95.5955955955956,inf,-0.0,7.7312522125007925,5.134679603069483
95.6956956956957,inf,-0.0,7.711427555496703,5.144665162790601
95.7957957957958,inf,-0.0,7.691631813296808,5.154647098646089
95.8958958958959,inf,-0.0,7.671866969423844,5.164625160588233
95.995995995996,inf,-0.0,7.652135004304582,5.174599098666345
96.0960960960961,inf,-0.0,7.632437895071331,5.184568663033057
96.1961961961962,inf,-0.0,7.612777615363888,5.194533603950547
96.2962962962963,inf,-0.0,7.593156135131723,5.204493671796825
96.3963963963964,inf,-0.0,7.5735754204366454,5.214448617071956
96.4964964964965,inf,-0.0,7.554037433255753,5.224398190404342
96.5965965965966,inf,-0.0,7.534544131284899,5.234342142556937
96.6966966966967,inf,-0.0,7.515097467742472,5.24428022443352
96.7967967967968,inf,-0.0,7.495699391173745,5.254212187084905
96.8968968968969,inf,-0.0,7.476351845255573,5.264137781715209
96.996996996997,inf,-0.0,7.457056768601697,5.274056759688054
97.0970970970971,inf,-0.0,7.437816094568434,5.283968872532821
97.1971971971972,inf,-0.0,7.418631751061018,5.293873871950851
97.2972972972973,inf,-0.0,7.399505660340369,5.303771509821689
97.3973973973974,inf,-0.0,7.380439738830531,5.313661538209274
97.4974974974975,inf,-0.0,7.361435896926603,5.323543709368177
97.5975975975976,inf,-0.0,7.342496038803366,5.333417775749777
97.6976976976977,inf,-0.0,7.323622062224435,5.343283490008494
97.7977977977978,inf,-0.0,7.304815858352152,5.353140605007952
97.8978978978979,inf,-0.0,7.286079311558048,5.362988873827205
97.997997997998,inf,-0.0,7.267414299234077,5.372828049766885
98.0980980980981,inf,-0.0,7.248822691604452,5.382657886355419
98.1981981981982,inf,-0.0,7.230306351538299,5.392478137355169
98.2982982982983,inf,-0.0,7.211867134362949,5.402288556768629
98.3983983983984,inf,-0.0,7.19350688767809,5.412088898844564
98.4984984984985,inf,-0.0,7.1752274511705805,5.421878918084187
98.5985985985986,inf,-0.0,7.157030656430168,5.431658369247287
98.6986986986987,inf,-0.0,7.138918326765913,5.441427007358395
98.7987987987988,inf,-0.0,7.120892277023549,5.451184587712897
98.8988988988989,inf,-0.0,7.102954313403581,5.460930865883189
98.998998998999,inf,-0.0,7.085106233280356,5.470665597724776
99.0990990990991,inf,-0.0,7.0673498250219176,5.480388539382408
99.1991991991992,inf,-0.0,7.049686867810865,5.490099447296167
99.2992992992993,inf,-0.0,7.032119131466025,5.499798078207598
99.3993993993994,inf,-0.0,7.014648376265171,5.509484189165766
99.4994994994995,inf,-0.0,6.997276352768594,5.5191575375333795
99.5995995995996,inf,-0.0,6.980004801643743,5.528817880992833
99.6996996996997,inf,-0.0,6.962835453490765,5.53846497755231
99.7997997997998,inf,-0.0,6.945770028669153,5.548098585551814
99.8998998998999,inf,-0.0,6.928810237125308,5.557718463669253
100.0,inf,-0.0,6.911957778221261,5.567324370926452
